id	nome	tipo	classe	poder	prec	pp	prio	alvo	gen	categoria	ailment	ail%	crit	drenar%	cura%	recuo%	stat%	golpes	turnos	stats	flags	efeito
1	pound	normal	physical	40	100	35	0	selected-pokemon	1	damage	-	-	-	-	-	-	-	-	-	-	contact protect mirror	Inflicts regular damage with no additional effect.
2	karate-chop	fighting	physical	50	100	25	0	selected-pokemon	1	damage	-	-	1	-	-	-	-	-	-	-	contact protect mirror	Has an increased chance for a critical hit.
3	double-slap	normal	physical	15	85	10	0	selected-pokemon	1	damage	-	-	-	-	-	-	-	2-5	-	-	contact protect mirror	Hits 2-5 times in one turn.
4	comet-punch	normal	physical	18	85	15	0	selected-pokemon	1	damage	-	-	-	-	-	-	-	2-5	-	-	contact protect mirror punch	Hits 2-5 times in one turn.
5	mega-punch	normal	physical	80	85	20	0	selected-pokemon	1	damage	-	-	-	-	-	-	-	-	-	-	contact protect mirror punch	Inflicts regular damage with no additional effect.
6	pay-day	normal	physical	40	100	20	0	selected-pokemon	1	damage	-	-	-	-	-	-	-	-	-	-	protect mirror	Scatters money on the ground worth five times the user’s level.
7	fire-punch	fire	physical	75	100	15	0	selected-pokemon	1	damage-ailment	burn	10	-	-	-	-	-	-	-	-	contact protect mirror punch	Has a chance to burn the target.
8	ice-punch	ice	physical	75	100	15	0	selected-pokemon	1	damage-ailment	freeze	10	-	-	-	-	-	-	-	-	contact protect mirror punch	Has a chance to freeze the target.
9	thunder-punch	electric	physical	75	100	15	0	selected-pokemon	1	damage-ailment	paralysis	10	-	-	-	-	-	-	-	-	contact protect mirror punch	Has a chance to paralyze the target.
10	scratch	normal	physical	40	100	35	0	selected-pokemon	1	damage	-	-	-	-	-	-	-	-	-	-	contact protect mirror	Inflicts regular damage with no additional effect.
11	vice-grip	normal	physical	55	100	30	0	selected-pokemon	1	damage	-	-	-	-	-	-	-	-	-	-	contact protect mirror	Inflicts regular damage with no additional effect.
12	guillotine	normal	physical	-	30	5	0	selected-pokemon	1	ohko	-	-	-	-	-	-	-	-	-	-	contact protect mirror	Causes a one-hit KO.
13	razor-wind	normal	special	80	100	10	0	all-opponents	1	damage	-	-	1	-	-	-	-	-	-	-	charge protect mirror	Requires a turn to charge before attacking.
14	swords-dance	normal	status	-	-	20	0	user	1	net-good-stats	-	-	-	-	-	-	-	-	-	attack+2	snatch dance	Raises the user’s Attack by two stages.
15	cut	normal	physical	50	95	30	0	selected-pokemon	1	damage	-	-	-	-	-	-	-	-	-	-	contact protect mirror	Inflicts regular damage with no additional effect.
16	gust	flying	special	40	100	35	0	selected-pokemon	1	damage	-	-	-	-	-	-	-	-	-	-	protect mirror distance	Inflicts regular damage and can hit Pokémon in the air.
17	wing-attack	flying	physical	60	100	35	0	selected-pokemon	1	damage	-	-	-	-	-	-	-	-	-	-	contact protect mirror distance	Inflicts regular damage with no additional effect.
18	whirlwind	normal	status	-	-	20	-6	selected-pokemon	1	force-switch	-	-	-	-	-	-	-	-	-	-	reflectable mirror authentic	Immediately ends wild battles. Forces trainers to switch Pokémon.
19	fly	flying	physical	90	95	15	0	selected-pokemon	1	damage	-	-	-	-	-	-	-	-	-	-	contact charge protect mirror gravity distance	User flies high into the air, dodging all attacks, and hits next turn.
20	bind	normal	physical	15	85	20	0	selected-pokemon	1	damage-ailment	trap	100	-	-	-	-	-	-	5-6	-	contact protect mirror	Prevents the target from fleeing and inflicts damage for 2-5 turns.
21	slam	normal	physical	80	75	20	0	selected-pokemon	1	damage	-	-	-	-	-	-	-	-	-	-	contact protect mirror non-sky-battle	Inflicts regular damage with no additional effect.
22	vine-whip	grass	physical	45	100	25	0	selected-pokemon	1	damage	-	-	-	-	-	-	-	-	-	-	contact protect mirror	Inflicts regular damage with no additional effect.
23	stomp	normal	physical	65	100	20	0	selected-pokemon	1	damage	-	-	-	-	-	30	-	-	-	-	contact protect mirror non-sky-battle	Has a chance to make the target flinch.
24	double-kick	fighting	physical	30	100	30	0	selected-pokemon	1	damage	-	-	-	-	-	-	-	2	-	-	contact protect mirror	Hits twice in one turn.
25	mega-kick	normal	physical	120	75	5	0	selected-pokemon	1	damage	-	-	-	-	-	-	-	-	-	-	contact protect mirror	Inflicts regular damage with no additional effect.
26	jump-kick	fighting	physical	100	95	10	0	selected-pokemon	1	damage	-	-	-	-	-	-	-	-	-	-	contact protect mirror gravity	If the user misses, it takes half the damage it would have inflicted in recoil.
27	rolling-kick	fighting	physical	60	85	15	0	selected-pokemon	1	damage	-	-	-	-	-	30	-	-	-	-	contact protect mirror	Has a chance to make the target flinch.
28	sand-attack	ground	status	-	100	15	0	selected-pokemon	1	net-good-stats	-	-	-	-	-	-	-	-	-	accuracy-1	protect reflectable mirror	Lowers the target’s accuracy by one stage.
29	headbutt	normal	physical	70	100	15	0	selected-pokemon	1	damage	-	-	-	-	-	30	-	-	-	-	contact protect mirror	Has a chance to make the target flinch.
30	horn-attack	normal	physical	65	100	25	0	selected-pokemon	1	damage	-	-	-	-	-	-	-	-	-	-	contact protect mirror	Inflicts regular damage with no additional effect.
31	fury-attack	normal	physical	15	85	20	0	selected-pokemon	1	damage	-	-	-	-	-	-	-	2-5	-	-	contact protect mirror	Hits 2-5 times in one turn.
32	horn-drill	normal	physical	-	30	5	0	selected-pokemon	1	ohko	-	-	-	-	-	-	-	-	-	-	contact protect mirror	Causes a one-hit KO.
33	tackle	normal	physical	40	100	35	0	selected-pokemon	1	damage	-	-	-	-	-	-	-	-	-	-	contact protect mirror	Inflicts regular damage with no additional effect.
34	body-slam	normal	physical	85	100	15	0	selected-pokemon	1	damage-ailment	paralysis	30	-	-	-	-	-	-	-	-	contact protect mirror non-sky-battle	Has a chance to paralyze the target.
35	wrap	normal	physical	15	90	20	0	selected-pokemon	1	damage-ailment	trap	100	-	-	-	-	-	-	2-4	-	contact protect mirror	Prevents the target from fleeing and inflicts damage for 2-5 turns.
36	take-down	normal	physical	90	85	20	0	selected-pokemon	1	damage	-	-	-	-25	-	-	-	-	-	-	contact protect mirror	User receives 1/4 the damage it inflicts in recoil.
37	thrash	normal	physical	120	100	10	0	random-opponent	1	damage	-	-	-	-	-	-	-	-	-	-	contact protect mirror	Hits every turn for 2-3 turns, then confuses the user.
38	double-edge	normal	physical	120	100	15	0	selected-pokemon	1	damage	-	-	-	-33	-	-	-	-	-	-	contact protect mirror	User receives 1/3 the damage inflicted in recoil.
39	tail-whip	normal	status	-	100	30	0	all-opponents	1	net-good-stats	-	-	-	-	-	-	-	-	-	defense-1	protect reflectable mirror	Lowers the target’s Defense by one stage.
40	poison-sting	poison	physical	15	100	35	0	selected-pokemon	1	damage-ailment	poison	30	-	-	-	-	-	-	-	-	protect mirror	Has a chance to poison the target.
41	twineedle	bug	physical	25	100	20	0	selected-pokemon	1	damage-ailment	poison	20	-	-	-	-	-	2	-	-	protect mirror	Hits twice in the same turn. Has a chance to poison the target.
42	pin-missile	bug	physical	25	95	20	0	selected-pokemon	1	damage	-	-	-	-	-	-	-	2-5	-	-	protect mirror	Hits 2-5 times in one turn.
43	leer	normal	status	-	100	30	0	all-opponents	1	net-good-stats	-	-	-	-	-	-	100	-	-	defense-1	protect reflectable mirror	Lowers the target’s Defense by one stage.
44	bite	dark	physical	60	100	25	0	selected-pokemon	1	damage	-	-	-	-	-	30	-	-	-	-	contact protect mirror bite	Has a chance to make the target flinch.
45	growl	normal	status	-	100	40	0	all-opponents	1	net-good-stats	-	-	-	-	-	-	-	-	-	attack-1	protect reflectable mirror sound authentic	Lowers the target’s Attack by one stage.
46	roar	normal	status	-	-	20	-6	selected-pokemon	1	force-switch	-	-	-	-	-	-	-	-	-	-	reflectable mirror sound authentic	Immediately ends wild battles. Forces trainers to switch Pokémon.
47	sing	normal	status	-	55	15	0	selected-pokemon	1	ailment	sleep	-	-	-	-	-	-	-	2-4	-	protect reflectable mirror sound authentic	Puts the target to sleep.
48	supersonic	normal	status	-	55	20	0	selected-pokemon	1	ailment	confusion	-	-	-	-	-	-	-	2-5	-	protect reflectable mirror sound authentic	Confuses the target.
49	sonic-boom	normal	special	-	90	20	0	selected-pokemon	1	damage	-	-	-	-	-	-	-	-	-	-	protect mirror	Inflicts 20 points of damage.
50	disable	normal	status	-	100	20	0	selected-pokemon	1	unique	disable	-	-	-	-	-	-	-	4	-	protect reflectable mirror authentic mental	Disables the target’s last used move for 1-8 turns.
51	acid	poison	special	40	100	30	0	all-opponents	1	damage-lower	-	-	-	-	-	-	10	-	-	special-defense-1	protect mirror	Has a chance to lower the target’s Special Defense by one stage.
52	ember	fire	special	40	100	25	0	selected-pokemon	1	damage-ailment	burn	10	-	-	-	-	-	-	-	-	protect mirror	Has a chance to burn the target.
53	flamethrower	fire	special	90	100	15	0	selected-pokemon	1	damage-ailment	burn	10	-	-	-	-	-	-	-	-	protect mirror	Has a chance to burn the target.
54	mist	ice	status	-	-	30	0	users-field	1	field-effect	-	-	-	-	-	-	-	-	-	-	snatch	Protects the user’s stats from being changed by enemy moves.
55	water-gun	water	special	40	100	25	0	selected-pokemon	1	damage	-	-	-	-	-	-	-	-	-	-	protect mirror	Inflicts regular damage with no additional effect.
56	hydro-pump	water	special	110	80	5	0	selected-pokemon	1	damage	-	-	-	-	-	-	-	-	-	-	protect mirror	Inflicts regular damage with no additional effect.
57	surf	water	special	90	100	15	0	all-other-pokemon	1	damage	-	-	-	-	-	-	-	-	-	-	protect mirror non-sky-battle	Inflicts regular damage and can hit Dive users.
58	ice-beam	ice	special	90	100	10	0	selected-pokemon	1	damage-ailment	freeze	10	-	-	-	-	-	-	-	-	protect mirror	Has a chance to freeze the target.
59	blizzard	ice	special	110	70	5	0	all-opponents	1	damage-ailment	freeze	10	-	-	-	-	-	-	-	-	protect mirror	Has a chance to freeze the target.
60	psybeam	psychic	special	65	100	20	0	selected-pokemon	1	damage-ailment	confusion	10	-	-	-	-	-	-	2-5	-	protect mirror	Has a chance to confuse the target.
61	bubble-beam	water	special	65	100	20	0	selected-pokemon	1	damage-lower	-	-	-	-	-	-	10	-	-	speed-1	protect mirror	Has a chance to lower the target’s Speed by one stage.
62	aurora-beam	ice	special	65	100	20	0	selected-pokemon	1	damage-lower	-	-	-	-	-	-	10	-	-	attack-1	protect mirror	Has a chance to lower the target’s Attack by one stage.
63	hyper-beam	normal	special	150	90	5	0	selected-pokemon	1	damage	-	-	-	-	-	-	-	-	-	-	recharge protect mirror	User foregoes its next turn to recharge.
64	peck	flying	physical	35	100	35	0	selected-pokemon	1	damage	-	-	-	-	-	-	-	-	-	-	contact protect mirror distance	Inflicts regular damage with no additional effect.
65	drill-peck	flying	physical	80	100	20	0	selected-pokemon	1	damage	-	-	-	-	-	-	-	-	-	-	contact protect mirror distance	Inflicts regular damage with no additional effect.
66	submission	fighting	physical	80	80	20	0	selected-pokemon	1	damage	-	-	-	-25	-	-	-	-	-	-	contact protect mirror	User receives 1/4 the damage it inflicts in recoil.
67	low-kick	fighting	physical	-	100	20	0	selected-pokemon	1	damage	-	-	-	-	-	-	-	-	-	-	contact protect mirror	Inflicts more damage to heavier targets, with a maximum of 120 power.
68	counter	fighting	physical	-	100	20	-5	specific-move	1	damage	-	-	-	-	-	-	-	-	-	-	contact protect	Inflicts twice the damage the user received from the last physical hit it took.
69	seismic-toss	fighting	physical	-	100	20	0	selected-pokemon	1	damage	-	-	-	-	-	-	-	-	-	-	contact protect mirror non-sky-battle	Inflicts damage equal to the user’s level.
70	strength	normal	physical	80	100	15	0	selected-pokemon	1	damage	-	-	-	-	-	-	-	-	-	-	contact protect mirror	Inflicts regular damage with no additional effect.
71	absorb	grass	special	20	100	25	0	selected-pokemon	1	damage-heal	-	-	-	50	-	-	-	-	-	-	protect mirror heal	Drains half the damage inflicted to heal the user.
72	mega-drain	grass	special	40	100	15	0	selected-pokemon	1	damage-heal	-	-	-	50	-	-	-	-	-	-	protect mirror heal	Drains half the damage inflicted to heal the user.
73	leech-seed	grass	status	-	90	10	0	selected-pokemon	1	ailment	leech-seed	-	-	-	-	-	-	-	-	-	protect reflectable mirror	Seeds the target, stealing HP from it every turn.
74	growth	normal	status	-	-	20	0	user	1	net-good-stats	-	-	-	-	-	-	-	-	-	attack+1 special-attack+1	snatch	Raises the user’s Attack and Special Attack by one stage.
75	razor-leaf	grass	physical	55	95	25	0	all-opponents	1	damage	-	-	1	-	-	-	-	-	-	-	protect mirror	Has an increased chance for a critical hit.
76	solar-beam	grass	special	120	100	10	0	selected-pokemon	1	damage	-	-	-	-	-	-	-	-	-	-	charge protect mirror	Requires a turn to charge before attacking.
77	poison-powder	poison	status	-	75	35	0	selected-pokemon	1	ailment	poison	-	-	-	-	-	-	-	-	-	protect reflectable mirror powder	Poisons the target.
78	stun-spore	grass	status	-	75	30	0	selected-pokemon	1	ailment	paralysis	-	-	-	-	-	-	-	-	-	protect reflectable mirror powder	Paralyzes the target.
79	sleep-powder	grass	status	-	75	15	0	selected-pokemon	1	ailment	sleep	-	-	-	-	-	-	-	2-4	-	protect reflectable mirror powder	Puts the target to sleep.
80	petal-dance	grass	special	120	100	10	0	random-opponent	1	damage	-	-	-	-	-	-	-	-	-	-	contact protect mirror dance	Hits every turn for 2-3 turns, then confuses the user.
81	string-shot	bug	status	-	95	40	0	all-opponents	1	net-good-stats	-	-	-	-	-	-	-	-	-	speed-2	protect reflectable mirror	Lowers the target’s Speed by two stages.
82	dragon-rage	dragon	special	-	100	10	0	selected-pokemon	1	damage	-	-	-	-	-	-	-	-	-	-	protect mirror	Inflicts 40 points of damage.
83	fire-spin	fire	special	35	85	15	0	selected-pokemon	1	damage-ailment	trap	100	-	-	-	-	-	-	5-6	-	protect mirror	Prevents the target from fleeing and inflicts damage for 2-5 turns.
84	thunder-shock	electric	special	40	100	30	0	selected-pokemon	1	damage-ailment	paralysis	10	-	-	-	-	-	-	-	-	protect mirror	Has a chance to paralyze the target.
85	thunderbolt	electric	special	90	100	15	0	selected-pokemon	1	damage-ailment	paralysis	10	-	-	-	-	-	-	-	-	protect mirror	Has a chance to paralyze the target.
86	thunder-wave	electric	status	-	90	20	0	selected-pokemon	1	ailment	paralysis	-	-	-	-	-	-	-	-	-	protect reflectable mirror	Paralyzes the target.
87	thunder	electric	special	110	70	10	0	selected-pokemon	1	damage-ailment	paralysis	30	-	-	-	-	-	-	-	-	protect mirror	Has a chance to paralyze the target.
88	rock-throw	rock	physical	50	90	15	0	selected-pokemon	1	damage	-	-	-	-	-	-	-	-	-	-	protect mirror	Inflicts regular damage with no additional effect.
89	earthquake	ground	physical	100	100	10	0	all-other-pokemon	1	damage	-	-	-	-	-	-	-	-	-	-	protect mirror non-sky-battle	Inflicts regular damage and can hit Dig users.
90	fissure	ground	physical	-	30	5	0	selected-pokemon	1	ohko	-	-	-	-	-	-	-	-	-	-	protect mirror non-sky-battle	Causes a one-hit KO.
91	dig	ground	physical	80	100	10	0	selected-pokemon	1	damage	-	-	-	-	-	-	-	-	-	-	contact charge protect mirror non-sky-battle	User digs underground, dodging all attacks, and hits next turn.
92	toxic	poison	status	-	90	10	0	selected-pokemon	1	ailment	poison	-	-	-	-	-	-	-	15	-	protect reflectable mirror	Badly poisons the target, inflicting more damage every turn.
93	confusion	psychic	special	50	100	25	0	selected-pokemon	1	damage-ailment	confusion	10	-	-	-	-	-	-	2-5	-	protect mirror	Has a chance to confuse the target.
94	psychic	psychic	special	90	100	10	0	selected-pokemon	1	damage-lower	-	-	-	-	-	-	10	-	-	special-defense-1	protect mirror	Has a chance to lower the target’s Special Defense by one stage.
95	hypnosis	psychic	status	-	60	20	0	selected-pokemon	1	ailment	sleep	-	-	-	-	-	-	-	2-4	-	protect reflectable mirror	Puts the target to sleep.
96	meditate	psychic	status	-	-	40	0	user	1	net-good-stats	-	-	-	-	-	-	-	-	-	attack+1	snatch	Raises the user’s Attack by one stage.
97	agility	psychic	status	-	-	30	0	user	1	net-good-stats	-	-	-	-	-	-	-	-	-	speed+2	snatch	Raises the user’s Speed by two stages.
98	quick-attack	normal	physical	40	100	30	1	selected-pokemon	1	damage	-	-	-	-	-	-	-	-	-	-	contact protect mirror	Inflicts regular damage with no additional effect.
99	rage	normal	physical	20	100	20	0	selected-pokemon	1	damage	-	-	-	-	-	-	-	-	-	-	contact protect mirror	If the user is hit after using this move, its Attack rises by one stage.
100	teleport	psychic	status	-	-	20	-6	user	1	unique	-	-	-	-	-	-	-	-	-	-	-	Immediately ends wild battles. No effect otherwise.
101	night-shade	ghost	special	-	100	15	0	selected-pokemon	1	damage	-	-	-	-	-	-	-	-	-	-	protect mirror	Inflicts damage equal to the user’s level.
102	mimic	normal	status	-	-	10	0	selected-pokemon	1	unique	-	-	-	-	-	-	-	-	-	-	protect authentic	Copies the target’s last used move.
103	screech	normal	status	-	85	40	0	selected-pokemon	1	net-good-stats	-	-	-	-	-	-	-	-	-	defense-2	protect reflectable mirror sound authentic	Lowers the target’s Defense by two stages.
104	double-team	normal	status	-	-	15	0	user	1	net-good-stats	-	-	-	-	-	-	-	-	-	evasion+1	snatch	Raises the user’s evasion by one stage.
105	recover	normal	status	-	-	5	0	user	1	heal	-	-	-	-	50	-	-	-	-	-	snatch heal	Heals the user by half its max HP.
106	harden	normal	status	-	-	30	0	user	1	net-good-stats	-	-	-	-	-	-	-	-	-	defense+1	snatch	Raises the user’s Defense by one stage.
107	minimize	normal	status	-	-	10	0	user	1	net-good-stats	-	-	-	-	-	-	-	-	-	evasion+2	snatch	Raises the user’s evasion by two stages.
108	smokescreen	normal	status	-	100	20	0	selected-pokemon	1	net-good-stats	-	-	-	-	-	-	-	-	-	accuracy-1	protect reflectable mirror	Lowers the target’s accuracy by one stage.
109	confuse-ray	ghost	status	-	100	10	0	selected-pokemon	1	ailment	confusion	-	-	-	-	-	-	-	2-5	-	protect reflectable mirror	Confuses the target.
110	withdraw	water	status	-	-	40	0	user	1	net-good-stats	-	-	-	-	-	-	-	-	-	defense+1	snatch	Raises the user’s Defense by one stage.
111	defense-curl	normal	status	-	-	40	0	user	1	net-good-stats	-	-	-	-	-	-	-	-	-	defense+1	snatch	Raises user’s Defense by one stage.
112	barrier	psychic	status	-	-	20	0	user	1	net-good-stats	-	-	-	-	-	-	-	-	-	defense+2	snatch	Raises the user’s Defense by two stages.
113	light-screen	psychic	status	-	-	30	0	users-field	1	field-effect	-	-	-	-	-	-	-	-	-	-	snatch	Reduces damage from special attacks by 50% for five turns.
114	haze	ice	status	-	-	30	0	entire-field	1	whole-field-effect	-	-	-	-	-	-	-	-	-	-	authentic	Resets all Pokémon’s stats, accuracy, and evasion.
115	reflect	psychic	status	-	-	20	0	users-field	1	field-effect	-	-	-	-	-	-	-	-	-	-	snatch	Reduces damage from physical attacks by half.
116	focus-energy	normal	status	-	-	30	0	user	1	unique	-	-	-	-	-	-	-	-	-	-	snatch	Increases the user’s chance to score a critical hit.
117	bide	normal	physical	-	-	10	1	user	1	damage	-	-	-	-	-	-	-	-	-	-	contact protect	User waits for two turns, then hits back for twice the damage it took.
118	metronome	normal	status	-	-	10	0	user	1	unique	-	-	-	-	-	-	-	-	-	-	-	Randomly selects and uses any move in the game.
119	mirror-move	flying	status	-	-	20	0	selected-pokemon	1	unique	-	-	-	-	-	-	-	-	-	-	-	Uses the target’s last used move.
120	self-destruct	normal	physical	200	100	5	0	all-other-pokemon	1	damage	-	-	-	-	-	-	-	-	-	-	protect mirror	User faints.
121	egg-bomb	normal	physical	100	75	10	0	selected-pokemon	1	damage	-	-	-	-	-	-	-	-	-	-	protect mirror ballistics	Inflicts regular damage with no additional effect.
122	lick	ghost	physical	30	100	30	0	selected-pokemon	1	damage-ailment	paralysis	30	-	-	-	-	-	-	-	-	contact protect mirror	Has a chance to paralyze the target.
123	smog	poison	special	30	70	20	0	selected-pokemon	1	damage-ailment	poison	40	-	-	-	-	-	-	-	-	protect mirror	Has a chance to poison the target.
124	sludge	poison	special	65	100	20	0	selected-pokemon	1	damage-ailment	poison	30	-	-	-	-	-	-	-	-	protect mirror	Has a chance to poison the target.
125	bone-club	ground	physical	65	85	20	0	selected-pokemon	1	damage	-	-	-	-	-	10	-	-	-	-	protect mirror	Has a chance to make the target flinch.
126	fire-blast	fire	special	110	85	5	0	selected-pokemon	1	damage-ailment	burn	10	-	-	-	-	-	-	-	-	protect mirror	Has a chance to burn the target.
127	waterfall	water	physical	80	100	15	0	selected-pokemon	1	damage	-	-	-	-	-	20	-	-	-	-	contact protect mirror	Has a chance to make the target flinch.
128	clamp	water	physical	35	85	15	0	selected-pokemon	1	damage-ailment	trap	100	-	-	-	-	-	-	5-6	-	contact protect mirror	Prevents the target from fleeing and inflicts damage for 2-5 turns.
129	swift	normal	special	60	-	20	0	all-opponents	1	damage	-	-	-	-	-	-	-	-	-	-	protect mirror	Never misses.
130	skull-bash	normal	physical	130	100	10	0	selected-pokemon	1	damage	-	100	-	-	-	-	-	-	-	-	contact charge protect mirror	Raises the user’s Defense by one stage. User charges for one turn before attacking.
131	spike-cannon	normal	physical	20	100	15	0	selected-pokemon	1	damage	-	-	-	-	-	-	-	2-5	-	-	protect mirror	Hits 2-5 times in one turn.
132	constrict	normal	physical	10	100	35	0	selected-pokemon	1	damage-lower	-	-	-	-	-	-	10	-	-	speed-1	contact protect mirror	Has a chance to lower the target’s Speed by one stage.
133	amnesia	psychic	status	-	-	20	0	user	1	net-good-stats	-	-	-	-	-	-	-	-	-	special-defense+2	snatch	Raises the user’s Special Defense by two stages.
134	kinesis	psychic	status	-	80	15	0	selected-pokemon	1	net-good-stats	-	-	-	-	-	-	-	-	-	accuracy-1	protect reflectable mirror	Lowers the target’s accuracy by one stage.
135	soft-boiled	normal	status	-	-	5	0	user	1	heal	-	-	-	-	50	-	-	-	-	-	snatch heal	Heals the user by half its max HP.
136	high-jump-kick	fighting	physical	130	90	10	0	selected-pokemon	1	damage	-	-	-	-	-	-	-	-	-	-	contact protect mirror gravity	If the user misses, it takes half the damage it would have inflicted in recoil.
137	glare	normal	status	-	100	30	0	selected-pokemon	1	ailment	paralysis	-	-	-	-	-	-	-	-	-	protect reflectable mirror	Paralyzes the target.
138	dream-eater	psychic	special	100	100	15	0	selected-pokemon	1	damage-heal	-	-	-	50	-	-	-	-	-	-	protect mirror heal	Only works on sleeping Pokémon. Drains half the damage inflicted to heal the user.
139	poison-gas	poison	status	-	90	40	0	all-opponents	1	ailment	poison	-	-	-	-	-	-	-	-	-	protect reflectable mirror	Poisons the target.
140	barrage	normal	physical	15	85	20	0	selected-pokemon	1	damage	-	-	-	-	-	-	-	2-5	-	-	protect mirror ballistics	Hits 2-5 times in one turn.
141	leech-life	bug	physical	80	100	10	0	selected-pokemon	1	damage-heal	-	-	-	50	-	-	-	-	-	-	contact protect mirror heal	Drains half the damage inflicted to heal the user.
142	lovely-kiss	normal	status	-	75	10	0	selected-pokemon	1	ailment	sleep	-	-	-	-	-	-	-	2-4	-	protect reflectable mirror	Puts the target to sleep.
143	sky-attack	flying	physical	140	90	5	0	selected-pokemon	1	damage	-	-	1	-	-	30	-	-	-	-	charge protect mirror distance	User charges for one turn before attacking. Has a chance to make the target flinch.
144	transform	normal	status	-	-	10	0	selected-pokemon	1	unique	-	-	-	-	-	-	-	-	-	-	-	User becomes a copy of the target until it leaves battle.
145	bubble	water	special	40	100	30	0	all-opponents	1	damage-lower	-	-	-	-	-	-	10	-	-	speed-1	protect mirror	Has a chance to lower the target’s Speed by one stage.
146	dizzy-punch	normal	physical	70	100	10	0	selected-pokemon	1	damage-ailment	confusion	20	-	-	-	-	-	-	2-5	-	contact protect mirror punch	Has a chance to confuse the target.
147	spore	grass	status	-	100	15	0	selected-pokemon	1	ailment	sleep	-	-	-	-	-	-	-	2-4	-	protect reflectable mirror powder	Puts the target to sleep.
148	flash	normal	status	-	100	20	0	selected-pokemon	1	net-good-stats	-	-	-	-	-	-	-	-	-	accuracy-1	protect reflectable mirror	Lowers the target’s accuracy by one stage.
149	psywave	psychic	special	-	100	15	0	selected-pokemon	1	damage	-	-	-	-	-	-	-	-	-	-	protect mirror	Inflicts damage between 50% and 150% of the user’s level.
150	splash	normal	status	-	-	40	0	user	1	unique	-	-	-	-	-	-	-	-	-	-	gravity	Does nothing.
151	acid-armor	poison	status	-	-	20	0	user	1	net-good-stats	-	-	-	-	-	-	-	-	-	defense+2	snatch	Raises the user’s Defense by two stages.
152	crabhammer	water	physical	100	90	10	0	selected-pokemon	1	damage	-	-	1	-	-	-	-	-	-	-	contact protect mirror	Has an increased chance for a critical hit.
153	explosion	normal	physical	250	100	5	0	all-other-pokemon	1	damage	-	-	-	-	-	-	-	-	-	-	protect mirror	User faints.
154	fury-swipes	normal	physical	18	80	15	0	selected-pokemon	1	damage	-	-	-	-	-	-	-	2-5	-	-	contact protect mirror	Hits 2-5 times in one turn.
155	bonemerang	ground	physical	50	90	10	0	selected-pokemon	1	damage	-	-	-	-	-	-	-	2	-	-	protect mirror	Hits twice in one turn.
156	rest	psychic	status	-	-	5	0	user	1	unique	-	-	-	-	-	-	-	-	-	-	snatch heal	User sleeps for two turns, completely healing itself.
157	rock-slide	rock	physical	75	90	10	0	all-opponents	1	damage	-	-	-	-	-	30	-	-	-	-	protect mirror	Has a chance to make the target flinch.
158	hyper-fang	normal	physical	80	90	15	0	selected-pokemon	1	damage	-	-	-	-	-	10	-	-	-	-	contact protect mirror bite	Has a chance to make the target flinch.
159	sharpen	normal	status	-	-	30	0	user	1	net-good-stats	-	-	-	-	-	-	-	-	-	attack+1	snatch	Raises the user’s Attack by one stage.
160	conversion	normal	status	-	-	30	0	user	1	unique	-	-	-	-	-	-	-	-	-	-	snatch	User’s type changes to the type of one of its moves at random.
161	tri-attack	normal	special	80	100	10	0	selected-pokemon	1	damage-ailment	unknown	20	-	-	-	-	-	-	-	-	protect mirror	Has a chance to burn, freeze, or paralyze the target.
162	super-fang	normal	physical	-	90	10	0	selected-pokemon	1	damage	-	-	-	-	-	-	-	-	-	-	contact protect mirror	Inflicts damage equal to half the target’s HP.
163	slash	normal	physical	70	100	20	0	selected-pokemon	1	damage	-	-	1	-	-	-	-	-	-	-	contact protect mirror	Has an increased chance for a critical hit.
164	substitute	normal	status	-	-	10	0	user	1	unique	-	-	-	-	-	-	-	-	-	-	snatch non-sky-battle	Transfers 1/4 of the user’s max HP into a doll, protecting the user from further damage or status changes until it breaks.
165	struggle	normal	physical	50	-	1	0	random-opponent	1	damage	-	-	-	-	-25	-	-	-	-	-	contact protect	User takes 1/4 its max HP in recoil.
166	sketch	normal	status	-	-	1	0	selected-pokemon	2	unique	-	-	-	-	-	-	-	-	-	-	authentic	Permanently becomes the target’s last used move.
167	triple-kick	fighting	physical	10	90	10	0	selected-pokemon	2	damage	-	-	-	-	-	-	-	3	-	-	contact protect mirror	Hits three times, increasing power by 100% with each successful hit.
168	thief	dark	physical	60	100	25	0	selected-pokemon	2	damage	-	-	-	-	-	-	-	-	-	-	contact protect mirror	Takes the target’s item.
169	spider-web	bug	status	-	-	10	0	selected-pokemon	2	unique	-	-	-	-	-	-	-	-	-	-	protect reflectable mirror	Prevents the target from leaving battle.
170	mind-reader	normal	status	-	-	5	0	selected-pokemon	2	unique	-	-	-	-	-	-	-	-	-	-	protect mirror	Ensures that the user’s next move will hit the target.
171	nightmare	ghost	status	-	100	15	0	selected-pokemon	2	ailment	nightmare	-	-	-	-	-	-	-	-	-	protect mirror	Target loses 1/4 its max HP every turn as long as it’s asleep.
172	flame-wheel	fire	physical	60	100	25	0	selected-pokemon	2	damage-ailment	burn	10	-	-	-	-	-	-	-	-	contact protect mirror defrost	Has a chance to burn the target. Lets frozen Pokémon thaw themselves.
173	snore	normal	special	50	100	15	0	selected-pokemon	2	damage	-	-	-	-	-	30	-	-	-	-	protect mirror sound authentic	Has a chance to make the target flinch. Only works if the user is sleeping.
174	curse	ghost	status	-	-	10	0	specific-move	2	unique	-	-	-	-	-	-	-	-	-	-	authentic	Ghosts pay half their max HP to hurt the target every turn. Others decrease Speed but raise Attack and Defense.
175	flail	normal	physical	-	100	15	0	selected-pokemon	2	damage	-	-	-	-	-	-	-	-	-	-	contact protect mirror	Inflicts more damage when the user has less HP remaining, with a maximum of 200 power.
176	conversion-2	normal	status	-	-	30	0	selected-pokemon	2	unique	-	-	-	-	-	-	-	-	-	-	authentic	Changes the user’s type to a random type either resistant or immune to the last move used against it.
177	aeroblast	flying	special	100	95	5	0	selected-pokemon	2	damage	-	-	1	-	-	-	-	-	-	-	protect mirror distance	Has an increased chance for a critical hit.
178	cotton-spore	grass	status	-	100	40	0	all-opponents	2	net-good-stats	-	-	-	-	-	-	-	-	-	speed-2	protect reflectable mirror powder	Lowers the target’s Speed by two stages.
179	reversal	fighting	physical	-	100	15	0	selected-pokemon	2	damage	-	-	-	-	-	-	-	-	-	-	contact protect mirror	Inflicts more damage when the user has less HP remaining, with a maximum of 200 power.
180	spite	ghost	status	-	100	10	0	selected-pokemon	2	unique	-	-	-	-	-	-	-	-	-	-	protect reflectable mirror authentic	Lowers the PP of the target’s last used move by 4.
181	powder-snow	ice	special	40	100	25	0	all-opponents	2	damage-ailment	freeze	10	-	-	-	-	-	-	-	-	protect mirror	Has a chance to freeze the target.
182	protect	normal	status	-	-	10	4	user	2	unique	protect	-	-	-	-	-	-	-	-	-	-	Prevents any moves from hitting the user this turn.
183	mach-punch	fighting	physical	40	100	30	1	selected-pokemon	2	damage	-	-	-	-	-	-	-	-	-	-	contact protect mirror punch	Inflicts regular damage with no additional effect.
184	scary-face	normal	status	-	100	10	0	selected-pokemon	2	net-good-stats	-	-	-	-	-	-	-	-	-	speed-2	protect reflectable mirror	Lowers the target’s Speed by two stages.
185	feint-attack	dark	physical	60	-	20	0	selected-pokemon	2	damage	-	-	-	-	-	-	-	-	-	-	contact protect mirror	Never misses.
186	sweet-kiss	fairy	status	-	75	10	0	selected-pokemon	2	ailment	confusion	-	-	-	-	-	-	-	2-5	-	protect reflectable mirror	Confuses the target.
187	belly-drum	normal	status	-	-	10	0	user	2	unique	-	-	-	-	-	-	-	-	-	-	snatch	User pays half its max HP to max out its Attack.
188	sludge-bomb	poison	special	90	100	10	0	selected-pokemon	2	damage-ailment	poison	30	-	-	-	-	-	-	-	-	protect mirror ballistics	Has a chance to poison the target.
189	mud-slap	ground	special	20	100	10	0	selected-pokemon	2	damage-lower	-	-	-	-	-	-	100	-	-	accuracy-1	protect mirror	Has a chance to lower the target’s accuracy by one stage.
190	octazooka	water	special	65	85	10	0	selected-pokemon	2	damage-lower	-	-	-	-	-	-	50	-	-	accuracy-1	protect mirror ballistics	Has a chance to lower the target’s accuracy by one stage.
191	spikes	ground	status	-	-	20	0	opponents-field	2	field-effect	-	-	-	-	-	-	-	-	-	-	reflectable non-sky-battle	Scatters Spikes, hurting opposing Pokémon that switch in.
192	zap-cannon	electric	special	120	50	5	0	selected-pokemon	2	damage-ailment	paralysis	100	-	-	-	-	-	-	-	-	protect mirror ballistics	Has a chance to paralyze the target.
193	foresight	normal	status	-	-	40	0	selected-pokemon	2	ailment	no-type-immunity	-	-	-	-	-	-	-	-	-	protect reflectable mirror authentic	Forces the target to have no Evade, and allows it to be hit by Normal and Fighting moves even if it’s a Ghost.
194	destiny-bond	ghost	status	-	-	5	0	user	2	unique	-	-	-	-	-	-	-	-	-	-	authentic	If the user faints this turn, the target automatically will, too.
195	perish-song	normal	status	-	-	5	0	all-pokemon	2	ailment	perish-song	-	-	-	-	-	-	-	4	-	sound distance authentic	User and target both faint after three turns.
196	icy-wind	ice	special	55	95	15	0	all-opponents	2	damage-lower	-	-	-	-	-	-	100	-	-	speed-1	protect mirror	Has a chance to lower the target’s Speed by one stage.
197	detect	fighting	status	-	-	5	4	user	2	unique	protect	-	-	-	-	-	-	-	-	-	-	Prevents any moves from hitting the user this turn.
198	bone-rush	ground	physical	25	90	10	0	selected-pokemon	2	damage	-	-	-	-	-	-	-	2-5	-	-	protect mirror	Hits 2-5 times in one turn.
199	lock-on	normal	status	-	-	5	0	selected-pokemon	2	unique	-	-	-	-	-	-	-	-	-	-	protect mirror	Ensures that the user’s next move will hit the target.
200	outrage	dragon	physical	120	100	10	0	random-opponent	2	damage	-	-	-	-	-	-	-	-	-	-	contact protect mirror	Hits every turn for 2-3 turns, then confuses the user.
201	sandstorm	rock	status	-	-	10	0	entire-field	2	whole-field-effect	-	-	-	-	-	-	-	-	-	-	-	Changes the weather to a sandstorm for five turns.
202	giga-drain	grass	special	75	100	10	0	selected-pokemon	2	damage-heal	-	-	-	50	-	-	-	-	-	-	protect mirror heal	Drains half the damage inflicted to heal the user.
203	endure	normal	status	-	-	10	4	user	2	unique	-	-	-	-	-	-	-	-	-	-	-	Prevents the user’s HP from lowering below 1 this turn.
204	charm	fairy	status	-	100	20	0	selected-pokemon	2	net-good-stats	-	-	-	-	-	-	-	-	-	attack-2	protect reflectable mirror	Lowers the target’s Attack by two stages.
205	rollout	rock	physical	30	90	20	0	selected-pokemon	2	damage	-	-	-	-	-	-	-	-	-	-	contact protect mirror	Power doubles every turn this move is used in succession after the first, resetting after five turns.
206	false-swipe	normal	physical	40	100	40	0	selected-pokemon	2	damage	-	-	-	-	-	-	-	-	-	-	contact protect mirror	Cannot lower the target’s HP below 1.
207	swagger	normal	status	-	85	15	0	selected-pokemon	2	swagger	confusion	-	-	-	-	-	-	-	2-5	attack+2	protect reflectable mirror	Raises the target’s Attack by two stages and confuses the target.
208	milk-drink	normal	status	-	-	5	0	user	2	heal	-	-	-	-	50	-	-	-	-	-	snatch heal	Heals the user by half its max HP.
209	spark	electric	physical	65	100	20	0	selected-pokemon	2	damage-ailment	paralysis	30	-	-	-	-	-	-	-	-	contact protect mirror	Has a chance to paralyze the target.
210	fury-cutter	bug	physical	40	95	20	0	selected-pokemon	2	damage	-	-	-	-	-	-	-	-	-	-	contact protect mirror	Power doubles every turn this move is used in succession after the first, maxing out after five turns.
211	steel-wing	steel	physical	70	90	25	0	selected-pokemon	2	damage-raise	-	-	-	-	-	-	10	-	-	defense+1	contact protect mirror	Has a chance to raise the user’s Defense by one stage.
212	mean-look	normal	status	-	-	5	0	selected-pokemon	2	unique	-	-	-	-	-	-	-	-	-	-	reflectable mirror	Prevents the target from leaving battle.
213	attract	normal	status	-	100	15	0	selected-pokemon	2	ailment	infatuation	-	-	-	-	-	-	-	-	-	protect reflectable mirror authentic mental	Target falls in love if it has the opposite gender, and has a 50% chance to refuse attacking the user.
214	sleep-talk	normal	status	-	-	10	0	user	2	unique	-	-	-	-	-	-	-	-	-	-	-	Randomly uses one of the user’s other three moves. Only works if the user is sleeping.
215	heal-bell	normal	status	-	-	5	0	user-and-allies	2	unique	-	-	-	-	-	-	-	-	-	-	snatch sound distance authentic	Cures the entire party of major status effects.
216	return	normal	physical	-	100	20	0	selected-pokemon	2	damage	-	-	-	-	-	-	-	-	-	-	contact protect mirror	Power increases with happiness, up to a maximum of 102.
217	present	normal	physical	-	90	15	0	selected-pokemon	2	damage	-	-	-	-	-	-	-	-	-	-	protect mirror	Randomly inflicts damage with power from 40 to 120 or heals the target for 1/4 its max HP.
218	frustration	normal	physical	-	100	20	0	selected-pokemon	2	damage	-	-	-	-	-	-	-	-	-	-	contact protect mirror	Power increases as happiness decreases, up to a maximum of 102.
219	safeguard	normal	status	-	-	25	0	users-field	2	field-effect	-	-	-	-	-	-	-	-	-	-	snatch	Protects the user’s field from major status ailments and confusion for five turns.
220	pain-split	normal	status	-	-	20	0	selected-pokemon	2	unique	-	-	-	-	-	-	-	-	-	-	protect mirror	Sets the user’s and targets’s HP to the average of their current HP.
221	sacred-fire	fire	physical	100	95	5	0	selected-pokemon	2	damage-ailment	burn	50	-	-	-	-	-	-	-	-	protect mirror defrost	Has a chance to burn the target. Lets frozen Pokémon thaw themselves.
222	magnitude	ground	physical	-	100	30	0	all-other-pokemon	2	damage	-	-	-	-	-	-	-	-	-	-	protect mirror non-sky-battle	Power varies randomly from 10 to 150.
223	dynamic-punch	fighting	physical	100	50	5	0	selected-pokemon	2	damage-ailment	confusion	100	-	-	-	-	-	-	2-5	-	contact protect mirror punch	Has a chance to confuse the target.
224	megahorn	bug	physical	120	85	10	0	selected-pokemon	2	damage	-	-	-	-	-	-	-	-	-	-	contact protect mirror	Inflicts regular damage with no additional effect.
225	dragon-breath	dragon	special	60	100	20	0	selected-pokemon	2	damage-ailment	paralysis	30	-	-	-	-	-	-	-	-	protect mirror	Has a chance to paralyze the target.
226	baton-pass	normal	status	-	-	40	0	user	2	unique	-	-	-	-	-	-	-	-	-	-	-	Allows the trainer to switch out the user and pass effects along to its replacement.
227	encore	normal	status	-	100	5	0	selected-pokemon	2	unique	-	-	-	-	-	-	-	-	-	-	protect reflectable mirror authentic mental	Forces the target to repeat its last used move every turn for 2 to 6 turns.
228	pursuit	dark	physical	40	100	20	0	selected-pokemon	2	damage	-	-	-	-	-	-	-	-	-	-	contact protect mirror	Has double power against, and can hit, Pokémon attempting to switch out.
229	rapid-spin	normal	physical	50	100	40	0	selected-pokemon	2	damage-raise	-	-	-	-	-	-	100	-	-	speed+1	contact protect mirror	Frees the user from binding moves, removes Leech Seed, and blows away Spikes.
230	sweet-scent	normal	status	-	100	20	0	all-opponents	2	net-good-stats	-	-	-	-	-	-	-	-	-	evasion-2	protect reflectable mirror	Lowers the target’s evasion by one stage.
231	iron-tail	steel	physical	100	75	15	0	selected-pokemon	2	damage-lower	-	-	-	-	-	-	30	-	-	defense-1	contact protect mirror	Has a chance to lower the target’s Defense by one stage.
232	metal-claw	steel	physical	50	95	35	0	selected-pokemon	2	damage-raise	-	-	-	-	-	-	10	-	-	attack+1	contact protect mirror	Has a chance to raise the user’s Attack by one stage.
233	vital-throw	fighting	physical	70	-	10	-1	selected-pokemon	2	damage	-	-	-	-	-	-	-	-	-	-	contact protect mirror	Never misses.
234	morning-sun	normal	status	-	-	5	0	user	2	heal	-	-	-	-	50	-	-	-	-	-	snatch heal	Heals the user by half its max HP. Affected by weather.
235	synthesis	grass	status	-	-	5	0	user	2	heal	-	-	-	-	50	-	-	-	-	-	snatch heal	Heals the user by half its max HP. Affected by weather.
236	moonlight	fairy	status	-	-	5	0	user	2	heal	-	-	-	-	50	-	-	-	-	-	snatch heal	Heals the user by half its max HP. Affected by weather.
237	hidden-power	normal	special	60	100	15	0	selected-pokemon	2	damage	-	-	-	-	-	-	-	-	-	-	protect mirror	Power and type depend upon user’s IVs. Power can range from 30 to 70.
238	cross-chop	fighting	physical	100	80	5	0	selected-pokemon	2	damage	-	-	1	-	-	-	-	-	-	-	contact protect mirror	Has an increased chance for a critical hit.
239	twister	dragon	special	40	100	20	0	all-opponents	2	damage	-	-	-	-	-	20	-	-	-	-	protect mirror	Has a chance to make the target flinch.
240	rain-dance	water	status	-	-	5	0	entire-field	2	whole-field-effect	-	-	-	-	-	-	-	-	-	-	-	Changes the weather to rain for five turns.
241	sunny-day	fire	status	-	-	5	0	entire-field	2	whole-field-effect	-	-	-	-	-	-	-	-	-	-	-	Changes the weather to sunny for five turns.
242	crunch	dark	physical	80	100	15	0	selected-pokemon	2	damage-lower	-	-	-	-	-	-	20	-	-	defense-1	contact protect mirror bite	Has a chance to lower the target’s Defense by one stage.
243	mirror-coat	psychic	special	-	100	20	-5	specific-move	2	damage	-	-	-	-	-	-	-	-	-	-	protect	Inflicts twice the damage the user received from the last special hit it took.
244	psych-up	normal	status	-	-	10	0	selected-pokemon	2	unique	-	-	-	-	-	-	-	-	-	-	authentic	Discards the user’s stat changes and copies the target’s.
245	extreme-speed	normal	physical	80	100	5	2	selected-pokemon	2	damage	-	-	-	-	-	-	-	-	-	-	contact protect mirror	Inflicts regular damage with no additional effect.
246	ancient-power	rock	special	60	100	5	0	selected-pokemon	2	damage-raise	-	-	-	-	-	-	10	-	-	attack+1 defense+1 special-attack+1 special-defense+1 speed+1	protect mirror	Has a chance to raise all of the user’s stats by one stage.
247	shadow-ball	ghost	special	80	100	15	0	selected-pokemon	2	damage-lower	-	-	-	-	-	-	20	-	-	special-defense-1	protect mirror ballistics	Has a chance to lower the target’s Special Defense by one stage.
248	future-sight	psychic	special	120	100	10	0	selected-pokemon	2	unique	-	-	-	-	-	-	-	-	-	-	-	Hits the target two turns later.
249	rock-smash	fighting	physical	40	100	15	0	selected-pokemon	2	damage-lower	-	-	-	-	-	-	50	-	-	defense-1	contact protect mirror	Has a chance to lower the target’s Defense by one stage.
250	whirlpool	water	special	35	85	15	0	selected-pokemon	2	damage-ailment	trap	100	-	-	-	-	-	-	5-6	-	protect mirror	Prevents the target from leaving battle and inflicts 1/16 its max HP in damage for 2-5 turns.
251	beat-up	dark	physical	-	100	10	0	selected-pokemon	2	damage	-	-	-	-	-	-	-	6	-	-	protect mirror	Hits once for every conscious Pokémon the trainer has.
252	fake-out	normal	physical	40	100	10	3	selected-pokemon	3	damage	-	-	-	-	-	100	-	-	-	-	contact protect mirror	Can only be used as the first move after the user enters battle. Causes the target to flinch.
253	uproar	normal	special	90	100	10	0	random-opponent	3	damage	-	-	-	-	-	-	-	-	3	-	protect mirror sound authentic	Forced to use this move for several turns. Pokémon cannot fall asleep in that time.
254	stockpile	normal	status	-	-	20	0	user	3	unique	-	-	-	-	-	-	-	-	-	defense+1 special-defense+1	snatch	Stores energy up to three times for use with Spit Up and Swallow.
255	spit-up	normal	special	-	100	10	0	selected-pokemon	3	damage	-	-	-	-	-	-	-	-	-	-	protect	Power is 100 times the amount of energy Stockpiled.
256	swallow	normal	status	-	-	10	0	user	3	heal	-	-	-	-	25	-	-	-	-	-	snatch heal	Recovers 1/4 HP after one Stockpile, 1/2 HP after two Stockpiles, or full HP after three Stockpiles.
257	heat-wave	fire	special	95	90	10	0	all-opponents	3	damage-ailment	burn	10	-	-	-	-	-	-	-	-	protect mirror	Has a chance to burn the target.
258	hail	ice	status	-	-	10	0	entire-field	3	whole-field-effect	-	-	-	-	-	-	-	-	-	-	-	Changes the weather to a hailstorm for five turns.
259	torment	dark	status	-	100	15	0	selected-pokemon	3	ailment	torment	-	-	-	-	-	-	-	-	-	protect reflectable mirror authentic mental	Prevents the target from using the same move twice in a row.
260	flatter	dark	status	-	100	15	0	selected-pokemon	3	swagger	confusion	-	-	-	-	-	-	-	2-5	special-attack+1	protect reflectable mirror	Raises the target’s Special Attack by one stage and confuses the target.
261	will-o-wisp	fire	status	-	85	15	0	selected-pokemon	3	ailment	burn	-	-	-	-	-	-	-	-	-	protect reflectable mirror	Burns the target.
262	memento	dark	status	-	100	10	0	selected-pokemon	3	unique	-	-	-	-	-	-	-	-	-	attack-2 special-attack-2	protect mirror	Lowers the target’s Attack and Special Attack by two stages. User faints.
263	facade	normal	physical	70	100	20	0	selected-pokemon	3	damage	-	-	-	-	-	-	-	-	-	-	contact protect mirror	Power doubles if user is burned, paralyzed, or poisoned.
264	focus-punch	fighting	physical	150	100	20	-3	selected-pokemon	3	damage	-	-	-	-	-	-	-	-	-	-	contact protect punch	If the user takes damage before attacking, the attack is canceled.
265	smelling-salts	normal	physical	70	100	10	0	selected-pokemon	3	damage	-	-	-	-	-	-	-	-	-	-	contact protect mirror	If the target is paralyzed, inflicts double damage and cures the paralysis.
266	follow-me	normal	status	-	-	20	2	user	3	unique	-	-	-	-	-	-	-	-	-	-	-	Redirects the target’s single-target effects to the user for this turn.
267	nature-power	normal	status	-	-	20	0	selected-pokemon	3	unique	-	-	-	-	-	-	-	-	-	-	-	Uses a move which depends upon the terrain.
268	charge	electric	status	-	-	20	0	user	3	net-good-stats	-	-	-	-	-	-	-	-	-	special-defense+1	snatch	Raises the user’s Special Defense by one stage. User’s Electric moves have doubled power next turn.
269	taunt	dark	status	-	100	20	0	selected-pokemon	3	unique	-	-	-	-	-	-	-	-	-	-	protect reflectable mirror authentic mental	For the next few turns, the target can only use damaging moves.
270	helping-hand	normal	status	-	-	20	5	ally	3	unique	-	-	-	-	-	-	-	-	-	-	authentic	Ally’s next move inflicts half more damage.
271	trick	psychic	status	-	100	10	0	selected-pokemon	3	unique	-	-	-	-	-	-	-	-	-	-	protect mirror	User and target swap items.
272	role-play	psychic	status	-	-	10	0	selected-pokemon	3	unique	-	-	-	-	-	-	-	-	-	-	authentic	Copies the target’s ability.
273	wish	normal	status	-	-	10	0	user	3	unique	-	-	-	-	-	-	-	-	-	-	snatch heal	User will recover half its max HP at the end of the next turn.
274	assist	normal	status	-	-	20	0	user	3	unique	-	-	-	-	-	-	-	-	-	-	-	Randomly selects and uses one of the trainer’s other Pokémon’s moves.
275	ingrain	grass	status	-	-	20	0	user	3	ailment	ingrain	-	-	-	-	-	-	-	-	-	snatch non-sky-battle	Prevents the user from leaving battle. User regains 1/16 of its max HP every turn.
276	superpower	fighting	physical	120	100	5	0	selected-pokemon	3	damage-raise	-	-	-	-	-	-	100	-	-	attack-1 defense-1	contact protect mirror	Lowers the user’s Attack and Defense by one stage after inflicting damage.
277	magic-coat	psychic	status	-	-	15	4	user	3	unique	-	-	-	-	-	-	-	-	-	-	-	Reflects back the first effect move used on the user this turn.
278	recycle	normal	status	-	-	10	0	user	3	unique	-	-	-	-	-	-	-	-	-	-	snatch	User recovers the item it last used up.
279	revenge	fighting	physical	60	100	10	-4	selected-pokemon	3	damage	-	-	-	-	-	-	-	-	-	-	contact protect mirror	Inflicts double damage if the user takes damage before attacking this turn.
280	brick-break	fighting	physical	75	100	15	0	selected-pokemon	3	damage	-	-	-	-	-	-	-	-	-	-	contact protect mirror	Destroys Reflect and Light Screen.
281	yawn	normal	status	-	-	10	0	selected-pokemon	3	ailment	yawn	-	-	-	-	-	-	-	2	-	protect reflectable mirror	Target sleeps at the end of the next turn.
282	knock-off	dark	physical	65	100	20	0	selected-pokemon	3	damage	-	-	-	-	-	-	-	-	-	-	contact protect mirror	Target drops its held item.
283	endeavor	normal	physical	-	100	5	0	selected-pokemon	3	damage	-	-	-	-	-	-	-	-	-	-	contact protect mirror	Lowers the target’s HP to equal the user’s.
284	eruption	fire	special	150	100	5	0	all-opponents	3	damage	-	-	-	-	-	-	-	-	-	-	protect mirror	Inflicts more damage when the user has more HP remaining, with a maximum of 150 power.
285	skill-swap	psychic	status	-	-	10	0	selected-pokemon	3	unique	-	-	-	-	-	-	-	-	-	-	protect mirror authentic	User and target swap abilities.
286	imprison	psychic	status	-	-	10	0	user	3	unique	-	-	-	-	-	-	-	-	-	-	snatch authentic	Prevents the target from using any moves that the user also knows.
287	refresh	normal	status	-	-	20	0	user	3	unique	-	-	-	-	-	-	-	-	-	-	snatch	Cleanses the user of a burn, paralysis, or poison.
288	grudge	ghost	status	-	-	5	0	user	3	unique	-	-	-	-	-	-	-	-	-	-	authentic	If the user faints this turn, the PP of the move that fainted it drops to 0.
289	snatch	dark	status	-	-	10	4	user	3	unique	-	-	-	-	-	-	-	-	-	-	authentic	Steals the target’s move, if it’s self-targeted.
290	secret-power	normal	physical	70	100	20	0	selected-pokemon	3	damage	-	30	-	-	-	-	-	-	-	-	protect mirror	Has a chance to inflict a status effect which depends upon the terrain.
291	dive	water	physical	80	100	10	0	selected-pokemon	3	damage	-	-	-	-	-	-	-	-	-	-	contact charge protect mirror non-sky-battle	User dives underwater, dodging all attacks, and hits next turn.
292	arm-thrust	fighting	physical	15	100	20	0	selected-pokemon	3	damage	-	-	-	-	-	-	-	2-5	-	-	contact protect mirror	Hits 2-5 times in one turn.
293	camouflage	normal	status	-	-	20	0	user	3	unique	-	-	-	-	-	-	-	-	-	-	snatch	User’s type changes to match the terrain.
294	tail-glow	bug	status	-	-	20	0	user	3	net-good-stats	-	-	-	-	-	-	-	-	-	special-attack+3	snatch	Raises the user’s Special Attack by three stages.
295	luster-purge	psychic	special	95	100	5	0	selected-pokemon	3	damage-lower	-	-	-	-	-	-	50	-	-	special-defense-1	protect mirror	Has a chance to lower the target’s Special Defense by one stage.
296	mist-ball	psychic	special	95	100	5	0	selected-pokemon	3	damage-lower	-	-	-	-	-	-	50	-	-	special-attack-1	protect mirror ballistics	Has a chance to lower the target’s Special Attack by one stage.
297	feather-dance	flying	status	-	100	15	0	selected-pokemon	3	net-good-stats	-	-	-	-	-	-	-	-	-	attack-2	protect reflectable mirror dance	Lowers the target’s Attack by two stages.
298	teeter-dance	normal	status	-	100	20	0	all-other-pokemon	3	ailment	confusion	-	-	-	-	-	-	-	2-5	-	protect mirror dance	Confuses the target.
299	blaze-kick	fire	physical	85	90	10	0	selected-pokemon	3	damage-ailment	burn	10	1	-	-	-	-	-	-	-	contact protect mirror	Has an increased chance for a critical hit and a chance to burn the target.
300	mud-sport	ground	status	-	-	15	0	entire-field	3	whole-field-effect	-	-	-	-	-	-	-	-	-	-	non-sky-battle	Halves all Electric-type damage.
301	ice-ball	ice	physical	30	90	20	0	selected-pokemon	3	damage	-	-	-	-	-	-	-	-	-	-	contact protect mirror ballistics	Power doubles every turn this move is used in succession after the first, resetting after five turns.
302	needle-arm	grass	physical	60	100	15	0	selected-pokemon	3	damage	-	-	-	-	-	30	-	-	-	-	contact protect mirror	Has a chance to make the target flinch.
303	slack-off	normal	status	-	-	5	0	user	3	heal	-	-	-	-	50	-	-	-	-	-	snatch heal	Heals the user by half its max HP.
304	hyper-voice	normal	special	90	100	10	0	all-opponents	3	damage	-	-	-	-	-	-	-	-	-	-	protect mirror sound authentic	Inflicts regular damage with no additional effect.
305	poison-fang	poison	physical	50	100	15	0	selected-pokemon	3	damage-ailment	poison	50	-	-	-	-	-	-	-	-	contact protect mirror bite	Has a chance to badly poison the target.
306	crush-claw	normal	physical	75	95	10	0	selected-pokemon	3	damage-lower	-	-	-	-	-	-	50	-	-	defense-1	contact protect mirror	Has a chance to lower the target’s Defense by one stage.
307	blast-burn	fire	special	150	90	5	0	selected-pokemon	3	damage	-	-	-	-	-	-	-	-	-	-	recharge protect mirror	User foregoes its next turn to recharge.
308	hydro-cannon	water	special	150	90	5	0	selected-pokemon	3	damage	-	-	-	-	-	-	-	-	-	-	recharge protect mirror	User foregoes its next turn to recharge.
309	meteor-mash	steel	physical	90	90	10	0	selected-pokemon	3	damage-raise	-	-	-	-	-	-	20	-	-	attack+1	contact protect mirror punch	Has a chance to raise the user’s Attack by one stage.
310	astonish	ghost	physical	30	100	15	0	selected-pokemon	3	damage	-	-	-	-	-	30	-	-	-	-	contact protect mirror	Has a chance to make the target flinch.
311	weather-ball	normal	special	50	100	10	0	selected-pokemon	3	damage	-	-	-	-	-	-	-	-	-	-	protect mirror ballistics	If there be weather, this move has doubled power and the weather’s type.
312	aromatherapy	grass	status	-	-	5	0	user-and-allies	3	unique	-	-	-	-	-	-	-	-	-	-	snatch distance	Cures the entire party of major status effects.
313	fake-tears	dark	status	-	100	20	0	selected-pokemon	3	net-good-stats	-	-	-	-	-	-	-	-	-	special-defense-2	protect reflectable mirror	Lowers the target’s Special Defense by two stages.
314	air-cutter	flying	special	60	95	25	0	all-opponents	3	damage	-	-	1	-	-	-	-	-	-	-	protect mirror	Has an increased chance for a critical hit.
315	overheat	fire	special	130	90	5	0	selected-pokemon	3	damage-raise	-	-	-	-	-	-	100	-	-	special-attack-2	protect mirror	Lowers the user’s Special Attack by two stages after inflicting damage.
316	odor-sleuth	normal	status	-	-	40	0	selected-pokemon	3	ailment	no-type-immunity	-	-	-	-	-	-	-	-	-	protect reflectable mirror authentic	Forces the target to have no Evade, and allows it to be hit by Normal and Fighting moves even if it’s a Ghost.
317	rock-tomb	rock	physical	60	95	15	0	selected-pokemon	3	damage-lower	-	-	-	-	-	-	100	-	-	speed-1	protect mirror	Has a chance to lower the target’s Speed by one stage.
318	silver-wind	bug	special	60	100	5	0	selected-pokemon	3	damage-raise	-	-	-	-	-	-	10	-	-	attack+1 defense+1 special-attack+1 special-defense+1 speed+1	protect mirror	Has a chance to raise all of the user’s stats by one stage.
319	metal-sound	steel	status	-	85	40	0	selected-pokemon	3	net-good-stats	-	-	-	-	-	-	-	-	-	special-defense-2	protect reflectable mirror sound authentic	Lowers the target’s Special Defense by two stages.
320	grass-whistle	grass	status	-	55	15	0	selected-pokemon	3	ailment	sleep	-	-	-	-	-	-	-	2-4	-	protect reflectable mirror sound authentic	Puts the target to sleep.
321	tickle	normal	status	-	100	20	0	selected-pokemon	3	net-good-stats	-	-	-	-	-	-	-	-	-	attack-1 defense-1	protect reflectable mirror	Lowers the target’s Attack and Defense by one stage.
322	cosmic-power	psychic	status	-	-	20	0	user	3	net-good-stats	-	-	-	-	-	-	-	-	-	defense+1 special-defense+1	snatch	Raises the user’s Defense and Special Defense by one stage.
323	water-spout	water	special	150	100	5	0	all-opponents	3	damage	-	-	-	-	-	-	-	-	-	-	protect mirror	Inflicts more damage when the user has more HP remaining, with a maximum of 150 power.
324	signal-beam	bug	special	75	100	15	0	selected-pokemon	3	damage-ailment	confusion	10	-	-	-	-	-	-	2-5	-	protect mirror	Has a chance to confuse the target.
325	shadow-punch	ghost	physical	60	-	20	0	selected-pokemon	3	damage	-	-	-	-	-	-	-	-	-	-	contact protect mirror punch	Never misses.
326	extrasensory	psychic	special	80	100	20	0	selected-pokemon	3	damage	-	-	-	-	-	10	-	-	-	-	protect mirror	Has a chance to make the target flinch.
327	sky-uppercut	fighting	physical	85	90	15	0	selected-pokemon	3	damage	-	-	-	-	-	-	-	-	-	-	contact protect mirror punch	Inflicts regular damage and can hit Bounce and Fly users.
328	sand-tomb	ground	physical	35	85	15	0	selected-pokemon	3	damage-ailment	trap	100	-	-	-	-	-	-	5-6	-	protect mirror	Prevents the target from fleeing and inflicts damage for 2-5 turns.
329	sheer-cold	ice	special	-	30	5	0	selected-pokemon	3	ohko	-	-	-	-	-	-	-	-	-	-	protect mirror	Causes a one-hit KO.
330	muddy-water	water	special	90	85	10	0	all-opponents	3	damage-lower	-	-	-	-	-	-	30	-	-	accuracy-1	protect mirror non-sky-battle	Has a chance to lower the target’s accuracy by one stage.
331	bullet-seed	grass	physical	25	100	30	0	selected-pokemon	3	damage	-	-	-	-	-	-	-	2-5	-	-	protect mirror ballistics	Hits 2-5 times in one turn.
332	aerial-ace	flying	physical	60	-	20	0	selected-pokemon	3	damage	-	-	-	-	-	-	-	-	-	-	contact protect mirror distance	Never misses.
333	icicle-spear	ice	physical	25	100	30	0	selected-pokemon	3	damage	-	-	-	-	-	-	-	2-5	-	-	protect mirror	Hits 2-5 times in one turn.
334	iron-defense	steel	status	-	-	15	0	user	3	net-good-stats	-	-	-	-	-	-	-	-	-	defense+2	snatch	Raises the user’s Defense by two stages.
335	block	normal	status	-	-	5	0	selected-pokemon	3	unique	-	-	-	-	-	-	-	-	-	-	reflectable mirror	Prevents the target from leaving battle.
336	howl	normal	status	-	-	40	0	user-and-allies	3	net-good-stats	-	-	-	-	-	-	-	-	-	attack+1	snatch sound	Raises the user’s Attack by one stage.
337	dragon-claw	dragon	physical	80	100	15	0	selected-pokemon	3	damage	-	-	-	-	-	-	-	-	-	-	contact protect mirror	Inflicts regular damage with no additional effect.
338	frenzy-plant	grass	special	150	90	5	0	selected-pokemon	3	damage	-	-	-	-	-	-	-	-	-	-	recharge protect mirror non-sky-battle	User foregoes its next turn to recharge.
339	bulk-up	fighting	status	-	-	20	0	user	3	net-good-stats	-	-	-	-	-	-	-	-	-	attack+1 defense+1	snatch	Raises the user’s Attack and Defense by one stage.
340	bounce	flying	physical	85	85	5	0	selected-pokemon	3	damage-ailment	paralysis	30	-	-	-	-	-	-	-	-	contact charge protect mirror gravity distance	User bounces high into the air, dodging all attacks, and hits next turn.
341	mud-shot	ground	special	55	95	15	0	selected-pokemon	3	damage-lower	-	-	-	-	-	-	100	-	-	speed-1	protect mirror	Has a chance to lower the target’s Speed by one stage.
342	poison-tail	poison	physical	50	100	25	0	selected-pokemon	3	damage-ailment	poison	10	1	-	-	-	-	-	-	-	contact protect mirror	Has an increased chance for a critical hit and a chance to poison the target.
343	covet	normal	physical	60	100	25	0	selected-pokemon	3	damage	-	-	-	-	-	-	-	-	-	-	contact protect mirror	Takes the target’s item.
344	volt-tackle	electric	physical	120	100	15	0	selected-pokemon	3	damage-ailment	paralysis	10	-	-33	-	-	-	-	-	-	contact protect mirror	User takes 1/3 the damage inflicted in recoil. Has a chance to paralyze the target.
345	magical-leaf	grass	special	60	-	20	0	selected-pokemon	3	damage	-	-	-	-	-	-	-	-	-	-	protect mirror	Never misses.
346	water-sport	water	status	-	-	15	0	entire-field	3	whole-field-effect	-	-	-	-	-	-	-	-	-	-	non-sky-battle	Halves all Fire-type damage.
347	calm-mind	psychic	status	-	-	20	0	user	3	net-good-stats	-	-	-	-	-	-	-	-	-	special-attack+1 special-defense+1	snatch	Raises the user’s Special Attack and Special Defense by one stage.
348	leaf-blade	grass	physical	90	100	15	0	selected-pokemon	3	damage	-	-	1	-	-	-	-	-	-	-	contact protect mirror	Has an increased chance for a critical hit.
349	dragon-dance	dragon	status	-	-	20	0	user	3	net-good-stats	-	-	-	-	-	-	-	-	-	attack+1 speed+1	snatch dance	Raises the user’s Attack and Speed by one stage.
350	rock-blast	rock	physical	25	90	10	0	selected-pokemon	3	damage	-	-	-	-	-	-	-	2-5	-	-	protect mirror ballistics	Hits 2-5 times in one turn.
351	shock-wave	electric	special	60	-	20	0	selected-pokemon	3	damage	-	-	-	-	-	-	-	-	-	-	protect mirror	Never misses.
352	water-pulse	water	special	60	100	20	0	selected-pokemon	3	damage-ailment	confusion	20	-	-	-	-	-	-	2-5	-	protect mirror distance pulse	Has a chance to confuse the target.
353	doom-desire	steel	special	140	100	5	0	selected-pokemon	3	unique	-	-	-	-	-	-	-	-	-	-	-	Hits the target two turns later.
354	psycho-boost	psychic	special	140	90	5	0	selected-pokemon	3	damage-raise	-	-	-	-	-	-	100	-	-	special-attack-2	protect mirror	Lowers the user’s Special Attack by two stages after inflicting damage.
355	roost	flying	status	-	-	5	0	user	4	heal	-	-	-	-	50	-	-	-	-	-	snatch heal	Heals the user by half its max HP.
356	gravity	psychic	status	-	-	5	0	entire-field	4	whole-field-effect	-	-	-	-	-	-	-	-	-	-	non-sky-battle	Disables moves and immunities that involve flying or levitating for five turns.
357	miracle-eye	psychic	status	-	-	40	0	selected-pokemon	4	ailment	no-type-immunity	-	-	-	-	-	-	-	-	-	protect reflectable mirror authentic	Forces the target to have no evasion, and allows it to be hit by Psychic moves even if it’s Dark.
358	wake-up-slap	fighting	physical	70	100	10	0	selected-pokemon	4	damage	-	-	-	-	-	-	-	-	-	-	contact protect mirror	If the target is asleep, has double power and wakes it up.
359	hammer-arm	fighting	physical	100	90	10	0	selected-pokemon	4	damage-raise	-	-	-	-	-	-	100	-	-	speed-1	contact protect mirror punch	Lowers user’s Speed by one stage.
360	gyro-ball	steel	physical	-	100	5	0	selected-pokemon	4	damage	-	-	-	-	-	-	-	-	-	-	contact protect mirror ballistics	Power raises when the user has lower Speed, up to a maximum of 150.
361	healing-wish	psychic	status	-	-	10	0	user	4	unique	-	-	-	-	-	-	-	-	-	-	snatch heal	User faints. Its replacement has its HP fully restored and any major status effect removed.
362	brine	water	special	65	100	10	0	selected-pokemon	4	damage	-	-	-	-	-	-	-	-	-	-	protect mirror	Has double power against Pokémon that have less than half their max HP remaining.
363	natural-gift	normal	physical	-	100	15	0	selected-pokemon	4	damage	-	-	-	-	-	-	-	-	-	-	protect mirror	Power and type depend on the held berry.
364	feint	normal	physical	30	100	10	2	selected-pokemon	4	damage	-	-	-	-	-	-	-	-	-	-	mirror	Hits through Protect and Detect.
365	pluck	flying	physical	60	100	20	0	selected-pokemon	4	damage	-	-	-	-	-	-	-	-	-	-	contact protect mirror distance	If target has a berry, inflicts double damage and uses the berry.
366	tailwind	flying	status	-	-	15	0	users-field	4	field-effect	-	-	-	-	-	-	-	-	-	-	snatch	For three turns, friendly Pokémon have doubled Speed.
367	acupressure	normal	status	-	-	30	0	user-or-ally	4	unique	-	-	-	-	-	-	-	-	-	-	-	Raises one of a friendly Pokémon’s stats at random by two stages.
368	metal-burst	steel	physical	-	100	10	0	specific-move	4	damage	-	-	-	-	-	-	-	-	-	-	protect mirror	Strikes back at the last Pokémon to hit the user this turn with 1.5× the damage.
369	u-turn	bug	physical	70	100	20	0	selected-pokemon	4	damage	-	-	-	-	-	-	-	-	-	-	contact protect mirror	User must switch out after attacking.
370	close-combat	fighting	physical	120	100	5	0	selected-pokemon	4	damage-raise	-	-	-	-	-	-	100	-	-	defense-1 special-defense-1	contact protect mirror	Lowers the user’s Defense and Special Defense by one stage after inflicting damage.
371	payback	dark	physical	50	100	10	0	selected-pokemon	4	damage	-	-	-	-	-	-	-	-	-	-	contact protect mirror	Power is doubled if the target has already moved this turn.
372	assurance	dark	physical	60	100	10	0	selected-pokemon	4	damage	-	-	-	-	-	-	-	-	-	-	contact protect mirror	Power is doubled if the target has already received damage this turn.
373	embargo	dark	status	-	100	15	0	selected-pokemon	4	ailment	embargo	-	-	-	-	-	-	-	5	-	protect reflectable mirror	Target cannot use held items.
374	fling	dark	physical	-	100	10	0	selected-pokemon	4	damage	-	-	-	-	-	-	-	-	-	-	protect mirror	Throws held item at the target; power depends on the item.
375	psycho-shift	psychic	status	-	100	10	0	selected-pokemon	4	unique	-	-	-	-	-	-	-	-	-	-	protect mirror	Transfers the user’s major status effect to the target.
376	trump-card	normal	special	-	-	5	0	selected-pokemon	4	damage	-	-	-	-	-	-	-	-	-	-	contact protect mirror	Power increases when this move has less PP, up to a maximum of 200.
377	heal-block	psychic	status	-	100	15	0	all-opponents	4	ailment	heal-block	-	-	-	-	-	-	-	5	-	protect reflectable mirror mental	Prevents target from restoring its HP for five turns.
378	wring-out	normal	special	-	100	5	0	selected-pokemon	4	damage	-	-	-	-	-	-	-	-	-	-	contact protect mirror	Power increases against targets with more HP remaining, up to a maximum of 121 power.
379	power-trick	psychic	status	-	-	10	0	user	4	unique	-	-	-	-	-	-	-	-	-	-	snatch	User swaps Attack and Defense.
380	gastro-acid	poison	status	-	100	10	0	selected-pokemon	4	unique	-	-	-	-	-	-	-	-	-	-	protect reflectable mirror	Nullifies target’s ability until it leaves battle.
381	lucky-chant	normal	status	-	-	30	0	users-field	4	field-effect	-	-	-	-	-	-	-	-	-	-	snatch	Prevents the target from scoring critical hits for five turns.
382	me-first	normal	status	-	-	20	0	selected-pokemon-me-first	4	damage	-	-	-	-	-	-	-	-	-	-	protect authentic	Uses the target’s move against it before it attacks, with power increased by half.
383	copycat	normal	status	-	-	20	0	user	4	unique	-	-	-	-	-	-	-	-	-	-	-	Uses the target’s last used move.
384	power-swap	psychic	status	-	-	10	0	selected-pokemon	4	unique	-	-	-	-	-	-	-	-	-	-	protect mirror authentic	User swaps Attack and Special Attack changes with the target.
385	guard-swap	psychic	status	-	-	10	0	selected-pokemon	4	unique	-	-	-	-	-	-	-	-	-	-	protect mirror authentic	User swaps Defense and Special Defense changes with the target.
386	punishment	dark	physical	-	100	5	0	selected-pokemon	4	damage	-	-	-	-	-	-	-	-	-	-	contact protect mirror	Power increases against targets with more raised stats, up to a maximum of 200.
387	last-resort	normal	physical	140	100	5	0	selected-pokemon	4	damage	-	-	-	-	-	-	-	-	-	-	contact protect mirror	Can only be used after all of the user’s other moves have been used.
388	worry-seed	grass	status	-	100	10	0	selected-pokemon	4	unique	-	-	-	-	-	-	-	-	-	-	protect reflectable mirror	Changes the target’s ability to Insomnia.
389	sucker-punch	dark	physical	70	100	5	1	selected-pokemon	4	damage	-	-	-	-	-	-	-	-	-	-	contact protect mirror	Only works if the target is about to use a damaging move.
390	toxic-spikes	poison	status	-	-	20	0	opponents-field	4	field-effect	-	-	-	-	-	-	-	-	-	-	reflectable non-sky-battle	Scatters poisoned spikes, poisoning opposing Pokémon that switch in.
391	heart-swap	psychic	status	-	-	10	0	selected-pokemon	4	unique	-	-	-	-	-	-	-	-	-	-	protect mirror authentic	User and target swap stat changes.
392	aqua-ring	water	status	-	-	20	0	user	4	unique	-	-	-	-	-	-	-	-	-	-	snatch	Restores 1/16 of the user’s max HP each turn.
393	magnet-rise	electric	status	-	-	10	0	user	4	unique	-	-	-	-	-	-	-	-	-	-	snatch gravity	User is immune to Ground moves and effects for five turns.
394	flare-blitz	fire	physical	120	100	15	0	selected-pokemon	4	damage-ailment	burn	10	-	-33	-	-	-	-	-	-	contact protect mirror defrost	User takes 1/3 the damage inflicted in recoil. Has a chance to burn the target.
395	force-palm	fighting	physical	60	100	10	0	selected-pokemon	4	damage-ailment	paralysis	30	-	-	-	-	-	-	-	-	contact protect mirror	Has a chance to paralyze the target.
396	aura-sphere	fighting	special	80	-	20	0	selected-pokemon	4	damage	-	-	-	-	-	-	-	-	-	-	protect mirror distance pulse ballistics	Never misses.
397	rock-polish	rock	status	-	-	20	0	user	4	net-good-stats	-	-	-	-	-	-	-	-	-	speed+2	snatch	Raises the user’s Speed by two stages.
398	poison-jab	poison	physical	80	100	20	0	selected-pokemon	4	damage-ailment	poison	30	-	-	-	-	-	-	-	-	contact protect mirror	Has a chance to poison the target.
399	dark-pulse	dark	special	80	100	15	0	selected-pokemon	4	damage	-	-	-	-	-	20	-	-	-	-	protect mirror distance pulse	Has a chance to make the target flinch.
400	night-slash	dark	physical	70	100	15	0	selected-pokemon	4	damage	-	-	1	-	-	-	-	-	-	-	contact protect mirror	Has an increased chance for a critical hit.
401	aqua-tail	water	physical	90	90	10	0	selected-pokemon	4	damage	-	-	-	-	-	-	-	-	-	-	contact protect mirror	Inflicts regular damage with no additional effect.
402	seed-bomb	grass	physical	80	100	15	0	selected-pokemon	4	damage	-	-	-	-	-	-	-	-	-	-	protect mirror ballistics	Inflicts regular damage with no additional effect.
403	air-slash	flying	special	75	95	15	0	selected-pokemon	4	damage	-	-	-	-	-	30	-	-	-	-	protect mirror distance	Has a chance to make the target flinch.
404	x-scissor	bug	physical	80	100	15	0	selected-pokemon	4	damage	-	-	-	-	-	-	-	-	-	-	contact protect mirror	Inflicts regular damage with no additional effect.
405	bug-buzz	bug	special	90	100	10	0	selected-pokemon	4	damage-lower	-	-	-	-	-	-	10	-	-	special-defense-1	protect mirror sound authentic	Has a chance to lower the target’s Special Defense by one stage.
406	dragon-pulse	dragon	special	85	100	10	0	selected-pokemon	4	damage	-	-	-	-	-	-	-	-	-	-	protect mirror distance pulse	Inflicts regular damage with no additional effect.
407	dragon-rush	dragon	physical	100	75	10	0	selected-pokemon	4	damage	-	-	-	-	-	20	-	-	-	-	contact protect mirror	Has a chance to make the target flinch.
408	power-gem	rock	special	80	100	20	0	selected-pokemon	4	damage	-	-	-	-	-	-	-	-	-	-	protect mirror	Inflicts regular damage with no additional effect.
409	drain-punch	fighting	physical	75	100	10	0	selected-pokemon	4	damage-heal	-	-	-	50	-	-	-	-	-	-	contact protect mirror punch heal	Drains half the damage inflicted to heal the user.
410	vacuum-wave	fighting	special	40	100	30	1	selected-pokemon	4	damage	-	-	-	-	-	-	-	-	-	-	protect mirror	Inflicts regular damage with no additional effect.
411	focus-blast	fighting	special	120	70	5	0	selected-pokemon	4	damage-lower	-	-	-	-	-	-	10	-	-	special-defense-1	protect mirror ballistics	Has a chance to lower the target’s Special Defense by one stage.
412	energy-ball	grass	special	90	100	10	0	selected-pokemon	4	damage-lower	-	-	-	-	-	-	10	-	-	special-defense-1	protect mirror ballistics	Has a chance to lower the target’s Special Defense by one stage.
413	brave-bird	flying	physical	120	100	15	0	selected-pokemon	4	damage	-	-	-	-33	-	-	-	-	-	-	contact protect mirror distance	User receives 1/3 the damage inflicted in recoil.
414	earth-power	ground	special	90	100	10	0	selected-pokemon	4	damage-lower	-	-	-	-	-	-	10	-	-	special-defense-1	protect mirror non-sky-battle	Has a chance to lower the target’s Special Defense by one stage.
415	switcheroo	dark	status	-	100	10	0	selected-pokemon	4	unique	-	-	-	-	-	-	-	-	-	-	protect mirror	User and target swap items.
416	giga-impact	normal	physical	150	90	5	0	selected-pokemon	4	damage	-	-	-	-	-	-	-	-	-	-	contact recharge protect mirror	User foregoes its next turn to recharge.
417	nasty-plot	dark	status	-	-	20	0	user	4	net-good-stats	-	-	-	-	-	-	-	-	-	special-attack+2	snatch	Raises the user’s Special Attack by two stages.
418	bullet-punch	steel	physical	40	100	30	1	selected-pokemon	4	damage	-	-	-	-	-	-	-	-	-	-	contact protect mirror punch	Inflicts regular damage with no additional effect.
419	avalanche	ice	physical	60	100	10	-4	selected-pokemon	4	damage	-	-	-	-	-	-	-	-	-	-	contact protect mirror	Inflicts double damage if the user takes damage before attacking this turn.
420	ice-shard	ice	physical	40	100	30	1	selected-pokemon	4	damage	-	-	-	-	-	-	-	-	-	-	protect mirror	Inflicts regular damage with no additional effect.
421	shadow-claw	ghost	physical	70	100	15	0	selected-pokemon	4	damage	-	-	1	-	-	-	-	-	-	-	contact protect mirror	Has an increased chance for a critical hit.
422	thunder-fang	electric	physical	65	95	15	0	selected-pokemon	4	damage-ailment	paralysis	10	-	-	-	10	-	-	-	-	contact protect mirror bite	Has a chance to paralyze the target and a chance to make the target flinch.
423	ice-fang	ice	physical	65	95	15	0	selected-pokemon	4	damage-ailment	freeze	10	-	-	-	10	-	-	-	-	contact protect mirror bite	Has a chance to freeze the target and a chance to make the target flinch.
424	fire-fang	fire	physical	65	95	15	0	selected-pokemon	4	damage-ailment	burn	10	-	-	-	10	-	-	-	-	contact protect mirror bite	Has a chance to burn the target and a chance to make the target flinch.
425	shadow-sneak	ghost	physical	40	100	30	1	selected-pokemon	4	damage	-	-	-	-	-	-	-	-	-	-	contact protect mirror	Inflicts regular damage with no additional effect.
426	mud-bomb	ground	special	65	85	10	0	selected-pokemon	4	damage-lower	-	-	-	-	-	-	30	-	-	accuracy-1	protect mirror ballistics	Has a chance to lower the target’s accuracy by one stage.
427	psycho-cut	psychic	physical	70	100	20	0	selected-pokemon	4	damage	-	-	1	-	-	-	-	-	-	-	protect mirror	Has an increased chance for a critical hit.
428	zen-headbutt	psychic	physical	80	90	15	0	selected-pokemon	4	damage	-	-	-	-	-	20	-	-	-	-	contact protect mirror	Has a chance to make the target flinch.
429	mirror-shot	steel	special	65	85	10	0	selected-pokemon	4	damage-lower	-	-	-	-	-	-	30	-	-	accuracy-1	protect mirror	Has a chance to lower the target’s accuracy by one stage.
430	flash-cannon	steel	special	80	100	10	0	selected-pokemon	4	damage-lower	-	-	-	-	-	-	10	-	-	special-defense-1	protect mirror	Has a chance to lower the target’s Special Defense by one stage.
431	rock-climb	normal	physical	90	85	20	0	selected-pokemon	4	damage-ailment	confusion	20	-	-	-	-	-	-	2-5	-	contact protect mirror	Has a chance to confuse the target.
432	defog	flying	status	-	-	15	0	selected-pokemon	4	unique	-	-	-	-	-	-	-	-	-	evasion-1	protect reflectable mirror authentic	Lowers the target’s evasion by one stage. Removes field effects from the enemy field.
433	trick-room	psychic	status	-	-	5	-7	entire-field	4	whole-field-effect	-	-	-	-	-	-	-	-	-	-	mirror	For five turns, slower Pokémon will act before faster Pokémon.
434	draco-meteor	dragon	special	130	90	5	0	selected-pokemon	4	damage-raise	-	-	-	-	-	-	100	-	-	special-attack-2	protect mirror	Lowers the user’s Special Attack by two stages after inflicting damage.
435	discharge	electric	special	80	100	15	0	all-other-pokemon	4	damage-ailment	paralysis	30	-	-	-	-	-	-	-	-	protect mirror	Has a chance to paralyze the target.
436	lava-plume	fire	special	80	100	15	0	all-other-pokemon	4	damage-ailment	burn	30	-	-	-	-	-	-	-	-	protect mirror	Has a chance to burn the target.
437	leaf-storm	grass	special	130	90	5	0	selected-pokemon	4	damage-raise	-	-	-	-	-	-	100	-	-	special-attack-2	protect mirror	Lowers the user’s Special Attack by two stages after inflicting damage.
438	power-whip	grass	physical	120	85	10	0	selected-pokemon	4	damage	-	-	-	-	-	-	-	-	-	-	contact protect mirror	Inflicts regular damage with no additional effect.
439	rock-wrecker	rock	physical	150	90	5	0	selected-pokemon	4	damage	-	-	-	-	-	-	-	-	-	-	recharge protect mirror ballistics	User foregoes its next turn to recharge.
440	cross-poison	poison	physical	70	100	20	0	selected-pokemon	4	damage-ailment	poison	10	1	-	-	-	-	-	-	-	contact protect mirror	Has an increased chance for a critical hit and a chance to poison the target.
441	gunk-shot	poison	physical	120	80	5	0	selected-pokemon	4	damage-ailment	poison	30	-	-	-	-	-	-	-	-	protect mirror	Has a chance to poison the target.
442	iron-head	steel	physical	80	100	15	0	selected-pokemon	4	damage	-	-	-	-	-	30	-	-	-	-	contact protect mirror	Has a chance to make the target flinch.
443	magnet-bomb	steel	physical	60	-	20	0	selected-pokemon	4	damage	-	-	-	-	-	-	-	-	-	-	protect mirror ballistics	Never misses.
444	stone-edge	rock	physical	100	80	5	0	selected-pokemon	4	damage	-	-	1	-	-	-	-	-	-	-	protect mirror	Has an increased chance for a critical hit.
445	captivate	normal	status	-	100	20	0	all-opponents	4	net-good-stats	-	-	-	-	-	-	-	-	-	special-attack-2	protect reflectable mirror	Lowers the target’s Special Attack by two stages if it’s the opposite gender.
446	stealth-rock	rock	status	-	-	20	0	opponents-field	4	field-effect	-	-	-	-	-	-	-	-	-	-	reflectable	Causes damage when opposing Pokémon switch in.
447	grass-knot	grass	special	-	100	20	0	selected-pokemon	4	damage	-	-	-	-	-	-	-	-	-	-	contact protect mirror non-sky-battle	Inflicts more damage to heavier targets, with a maximum of 120 power.
448	chatter	flying	special	65	100	20	0	selected-pokemon	4	damage-ailment	confusion	100	-	-	-	-	-	-	2-5	-	protect mirror sound distance authentic	Has a higher chance to confuse the target when the recorded sound is louder.
449	judgment	normal	special	100	100	10	0	selected-pokemon	4	damage	-	-	-	-	-	-	-	-	-	-	protect mirror	If the user is holding a appropriate plate or drive, the damage inflicted will match it.
450	bug-bite	bug	physical	60	100	20	0	selected-pokemon	4	damage	-	-	-	-	-	-	-	-	-	-	contact protect mirror	If target has a berry, inflicts double damage and uses the berry.
451	charge-beam	electric	special	50	90	10	0	selected-pokemon	4	damage-raise	-	-	-	-	-	-	70	-	-	special-attack+1	protect mirror	Has a chance to raise the user’s Special Attack by one stage.
452	wood-hammer	grass	physical	120	100	15	0	selected-pokemon	4	damage	-	-	-	-33	-	-	-	-	-	-	contact protect mirror	User receives 1/3 the damage inflicted in recoil.
453	aqua-jet	water	physical	40	100	20	1	selected-pokemon	4	damage	-	-	-	-	-	-	-	-	-	-	contact protect mirror	Inflicts regular damage with no additional effect.
454	attack-order	bug	physical	90	100	15	0	selected-pokemon	4	damage	-	-	1	-	-	-	-	-	-	-	protect mirror	Has an increased chance for a critical hit.
455	defend-order	bug	status	-	-	10	0	user	4	net-good-stats	-	-	-	-	-	-	-	-	-	defense+1 special-defense+1	snatch	Raises the user’s Defense and Special Defense by one stage.
456	heal-order	bug	status	-	-	10	0	user	4	heal	-	-	-	-	50	-	-	-	-	-	snatch heal	Heals the user by half its max HP.
457	head-smash	rock	physical	150	80	5	0	selected-pokemon	4	damage	-	-	-	-50	-	-	-	-	-	-	contact protect mirror	User receives 1/2 the damage inflicted in recoil.
458	double-hit	normal	physical	35	90	10	0	selected-pokemon	4	damage	-	-	-	-	-	-	-	2	-	-	contact protect mirror	Hits twice in one turn.
459	roar-of-time	dragon	special	150	90	5	0	selected-pokemon	4	damage	-	-	-	-	-	-	-	-	-	-	recharge protect mirror	User foregoes its next turn to recharge.
460	spacial-rend	dragon	special	100	95	5	0	selected-pokemon	4	damage	-	-	1	-	-	-	-	-	-	-	protect mirror	Has an increased chance for a critical hit.
461	lunar-dance	psychic	status	-	-	10	0	user	4	unique	-	-	-	-	-	-	-	-	-	-	snatch heal dance	User faints, and its replacement is fully healed.
462	crush-grip	normal	physical	-	100	5	0	selected-pokemon	4	damage	-	-	-	-	-	-	-	-	-	-	contact protect mirror	Power increases against targets with more HP remaining, up to a maximum of 121 power.
463	magma-storm	fire	special	100	75	5	0	selected-pokemon	4	damage-ailment	trap	100	-	-	-	-	-	-	5-6	-	protect mirror	Prevents the target from fleeing and inflicts damage for 2-5 turns.
464	dark-void	dark	status	-	50	10	0	all-opponents	4	ailment	sleep	-	-	-	-	-	-	-	2-4	-	protect reflectable mirror	Puts the target to sleep.
465	seed-flare	grass	special	120	85	5	0	selected-pokemon	4	damage-lower	-	-	-	-	-	-	40	-	-	special-defense-2	protect mirror	Has a chance to lower the target’s Special Defense by two stages.
466	ominous-wind	ghost	special	60	100	5	0	selected-pokemon	4	damage-raise	-	10	-	-	-	-	10	-	-	attack+1 defense+1 special-attack+1 special-defense+1 speed+1	protect mirror	Has a chance to raise all of the user’s stats by one stage.
467	shadow-force	ghost	physical	120	100	5	0	selected-pokemon	4	damage	-	-	-	-	-	-	-	-	-	-	contact charge mirror	User vanishes, dodging all attacks, and hits next turn. Hits through Protect and Detect.
468	hone-claws	dark	status	-	-	15	0	user	5	net-good-stats	-	-	-	-	-	-	-	-	-	attack+1 accuracy+1	snatch	Raises the user’s Attack and accuracy by one stage.
469	wide-guard	rock	status	-	-	10	3	users-field	5	field-effect	-	-	-	-	-	-	-	-	-	-	snatch	Prevents any multi-target moves from hitting friendly Pokémon this turn.
470	guard-split	psychic	status	-	-	10	0	selected-pokemon	5	unique	-	-	-	-	-	-	-	-	-	-	protect	Averages Defense and Special Defense with the target.
471	power-split	psychic	status	-	-	10	0	selected-pokemon	5	unique	-	-	-	-	-	-	-	-	-	-	protect	Averages Attack and Special Attack with the target.
472	wonder-room	psychic	status	-	-	10	0	entire-field	5	whole-field-effect	-	-	-	-	-	-	-	-	-	-	mirror	All Pokémon’s Defense and Special Defense are swapped for 5 turns.
473	psyshock	psychic	special	80	100	10	0	selected-pokemon	5	damage	-	-	-	-	-	-	-	-	-	-	protect mirror	Inflicts damage based on the target’s Defense, not Special Defense.
474	venoshock	poison	special	65	100	10	0	selected-pokemon	5	damage	-	-	-	-	-	-	-	-	-	-	protect mirror	Inflicts double damage if the target is Poisoned.
475	autotomize	steel	status	-	-	15	0	user	5	net-good-stats	-	-	-	-	-	-	-	-	-	speed+2	snatch	Raises the user’s Speed by two stages and halves the user’s weight.
476	rage-powder	bug	status	-	-	20	2	user	5	unique	-	-	-	-	-	-	-	-	-	-	powder	Redirects the target’s single-target effects to the user for this turn.
477	telekinesis	psychic	status	-	-	15	0	selected-pokemon	5	ailment	unknown	-	-	-	-	-	-	-	3	-	protect reflectable mirror gravity	Moves have 100% accuracy against the target for three turns.
478	magic-room	psychic	status	-	-	10	0	entire-field	5	whole-field-effect	-	-	-	-	-	-	-	-	-	-	mirror	Negates held items for five turns.
479	smack-down	rock	physical	50	100	15	0	selected-pokemon	5	damage	unknown	100	-	-	-	-	-	-	-	-	protect mirror non-sky-battle	Removes any immunity to Ground damage.
480	storm-throw	fighting	physical	60	100	10	0	selected-pokemon	5	damage	-	-	6	-	-	-	-	-	-	-	contact protect mirror	Always scores a critical hit.
481	flame-burst	fire	special	70	100	15	0	selected-pokemon	5	damage	-	-	-	-	-	-	-	-	-	-	protect mirror	Deals splash damage to Pokémon next to the target.
482	sludge-wave	poison	special	95	100	10	0	all-other-pokemon	5	damage-ailment	poison	10	-	-	-	-	-	-	-	-	protect mirror	Has a chance to poison the target.
483	quiver-dance	bug	status	-	-	20	0	user	5	net-good-stats	-	-	-	-	-	-	-	-	-	special-attack+1 special-defense+1 speed+1	snatch dance	Raises the user’s Special Attack, Special Defense, and Speed by one stage each.
484	heavy-slam	steel	physical	-	100	10	0	selected-pokemon	5	damage	-	-	-	-	-	-	-	-	-	-	contact protect mirror non-sky-battle	Power is higher when the user weighs more than the target, up to a maximum of 120.
485	synchronoise	psychic	special	120	100	10	0	all-other-pokemon	5	damage	-	-	-	-	-	-	-	-	-	-	protect mirror	Hits any Pokémon that shares a type with the user.
486	electro-ball	electric	special	-	100	10	0	selected-pokemon	5	damage	-	-	-	-	-	-	-	-	-	-	protect mirror ballistics	Power is higher when the user has greater Speed than the target, up to a maximum of 150.
487	soak	water	status	-	100	20	0	selected-pokemon	5	unique	-	-	-	-	-	-	-	-	-	-	protect reflectable mirror	Changes the target’s type to Water.
488	flame-charge	fire	physical	50	100	20	0	selected-pokemon	5	damage-raise	-	-	-	-	-	-	100	-	-	speed+1	contact protect mirror	Inflicts regular damage. Raises the user’s Speed by one stage.
489	coil	poison	status	-	-	20	0	user	5	net-good-stats	-	-	-	-	-	-	-	-	-	attack+1 defense+1 accuracy+1	snatch	Raises the user’s Attack, Defense, and accuracy by one stage each.
490	low-sweep	fighting	physical	65	100	20	0	selected-pokemon	5	damage-lower	-	-	-	-	-	-	100	-	-	speed-1	contact protect mirror	Lowers the target’s Speed by one stage.
491	acid-spray	poison	special	40	100	20	0	selected-pokemon	5	damage-lower	-	-	-	-	-	-	100	-	-	special-defense-2	protect mirror ballistics	Lowers the target’s Special Defense by two stages.
492	foul-play	dark	physical	95	100	15	0	selected-pokemon	5	damage	-	-	-	-	-	-	-	-	-	-	contact protect mirror	Calculates damage with the target’s attacking stat.
493	simple-beam	normal	status	-	100	15	0	selected-pokemon	5	unique	-	-	-	-	-	-	-	-	-	-	protect reflectable mirror	Changes the target’s ability to Simple.
494	entrainment	normal	status	-	100	15	0	selected-pokemon	5	unique	-	-	-	-	-	-	-	-	-	-	protect reflectable mirror	Copies the user’s ability onto the target.
495	after-you	normal	status	-	-	15	0	selected-pokemon	5	unique	-	-	-	-	-	-	-	-	-	-	authentic	Makes the target act next this turn.
496	round	normal	special	60	100	15	0	selected-pokemon	5	damage	-	-	-	-	-	-	-	-	-	-	protect mirror sound authentic	Has double power if it’s used more than once per turn.
497	echoed-voice	normal	special	40	100	15	0	selected-pokemon	5	damage	-	-	-	-	-	-	-	-	-	-	protect mirror sound authentic	Power increases by 100% for each consecutive use by any friendly Pokémon, to a maximum of 200.
498	chip-away	normal	physical	70	100	20	0	selected-pokemon	5	damage	-	-	-	-	-	-	-	-	-	-	contact protect mirror	Ignores the target’s stat modifiers.
499	clear-smog	poison	special	50	-	15	0	selected-pokemon	5	damage	-	-	-	-	-	-	-	-	-	-	protect mirror	Removes all of the target’s stat modifiers.
500	stored-power	psychic	special	20	100	10	0	selected-pokemon	5	damage	-	-	-	-	-	-	-	-	-	-	protect mirror	Power is higher the more the user’s stats have been raised, to a maximum of 31×.
501	quick-guard	fighting	status	-	-	15	3	users-field	5	field-effect	-	-	-	-	-	-	-	-	-	-	snatch	Prevents any priority moves from hitting friendly Pokémon this turn.
502	ally-switch	psychic	status	-	-	15	2	user	5	unique	-	-	-	-	-	-	-	-	-	-	-	User switches places with the friendly Pokémon opposite it.
503	scald	water	special	80	100	15	0	selected-pokemon	5	damage-ailment	burn	30	-	-	-	-	-	-	-	-	protect mirror defrost	Has a chance to burn the target.
504	shell-smash	normal	status	-	-	15	0	user	5	unique	-	-	-	-	-	-	-	-	-	defense-1 special-defense-1 attack+2 special-attack+2 speed+2	snatch	Raises user’s Attack, Special Attack, and Speed by two stages. Lower user’s Defense and Special Defense by one stage.
505	heal-pulse	psychic	status	-	-	10	0	selected-pokemon	5	heal	-	-	-	-	50	-	-	-	-	-	protect reflectable distance heal pulse	Heals the target for half its max HP.
506	hex	ghost	special	65	100	10	0	selected-pokemon	5	damage	-	-	-	-	-	-	-	-	-	-	protect mirror	Has double power if the target has a major status ailment.
507	sky-drop	flying	physical	60	100	10	0	selected-pokemon	5	damage	-	-	-	-	-	-	-	-	-	-	contact charge protect mirror gravity distance	Carries the target high into the air, dodging all attacks against either, and drops it next turn.
508	shift-gear	steel	status	-	-	10	0	user	5	net-good-stats	-	-	-	-	-	-	-	-	-	attack+1 speed+2	snatch	Raises the user’s Attack by one stage and its Speed by two stages.
509	circle-throw	fighting	physical	60	90	10	-6	selected-pokemon	5	damage	-	-	-	-	-	-	-	-	-	-	contact protect mirror	Ends wild battles. Forces trainers to switch Pokémon.
510	incinerate	fire	special	60	100	15	0	all-opponents	5	damage	-	-	-	-	-	-	-	-	-	-	protect mirror	Destroys the target’s held berry.
511	quash	dark	status	-	100	15	0	selected-pokemon	5	unique	-	-	-	-	-	-	-	-	-	-	protect mirror	Makes the target act last this turn.
512	acrobatics	flying	physical	55	100	15	0	selected-pokemon	5	damage	-	-	-	-	-	-	-	-	-	-	contact protect mirror distance	Has double power if the user has no held item.
513	reflect-type	normal	status	-	-	15	0	selected-pokemon	5	unique	-	-	-	-	-	-	-	-	-	-	protect authentic	User becomes the target’s type.
514	retaliate	normal	physical	70	100	5	0	selected-pokemon	5	damage	-	-	-	-	-	-	-	-	-	-	contact protect mirror	Has double power if a friendly Pokémon fainted last turn.
515	final-gambit	fighting	special	-	100	5	0	selected-pokemon	5	damage	-	-	-	-	-	-	-	-	-	-	protect	Inflicts damage equal to the user’s remaining HP. User faints.
516	bestow	normal	status	-	-	15	0	selected-pokemon	5	unique	-	-	-	-	-	-	-	-	-	-	mirror authentic	Gives the user’s held item to the target.
517	inferno	fire	special	100	50	5	0	selected-pokemon	5	damage-ailment	burn	100	-	-	-	-	-	-	-	-	protect mirror	Has a chance to burn the target.
518	water-pledge	water	special	80	100	10	0	selected-pokemon	5	damage	-	-	-	-	-	-	-	-	-	-	protect mirror non-sky-battle	With Grass Pledge, halves opposing Pokémon’s Speed for four turns.
519	fire-pledge	fire	special	80	100	10	0	selected-pokemon	5	damage	-	-	-	-	-	-	-	-	-	-	protect mirror non-sky-battle	With Water Pledge, doubles the effect chance of friendly Pokémon’s moves for four turns.
520	grass-pledge	grass	special	80	100	10	0	selected-pokemon	5	damage	-	-	-	-	-	-	-	-	-	-	protect mirror non-sky-battle	With Fire Pledge, damages opposing Pokémon for 1/8 their max HP every turn for four turns.
521	volt-switch	electric	special	70	100	20	0	selected-pokemon	5	damage	-	-	-	-	-	-	-	-	-	-	protect mirror	User must switch out after attacking.
522	struggle-bug	bug	special	50	100	20	0	all-opponents	5	damage-lower	-	-	-	-	-	-	100	-	-	special-attack-1	protect mirror	Has a chance to lower the target’s Special Attack by one stage.
523	bulldoze	ground	physical	60	100	20	0	all-other-pokemon	5	damage-lower	-	-	-	-	-	-	100	-	-	speed-1	protect mirror non-sky-battle	Has a chance to lower the target’s Speed by one stage.
524	frost-breath	ice	special	60	90	10	0	selected-pokemon	5	damage	-	100	6	-	-	-	-	-	-	-	protect mirror	Always scores a critical hit.
525	dragon-tail	dragon	physical	60	90	10	-6	selected-pokemon	5	damage	-	-	-	-	-	-	-	-	-	-	contact protect mirror	Ends wild battles. Forces trainers to switch Pokémon.
526	work-up	normal	status	-	-	30	0	user	5	net-good-stats	-	-	-	-	-	-	-	-	-	attack+1 special-attack+1	snatch	Raises the user’s Attack and Special Attack by one stage each.
527	electroweb	electric	special	55	95	15	0	all-opponents	5	damage-lower	-	-	-	-	-	-	100	-	-	speed-1	protect mirror	Lowers the target’s Speed by one stage.
528	wild-charge	electric	physical	90	100	15	0	selected-pokemon	5	damage	-	-	-	-25	-	-	-	-	-	-	contact protect mirror	User receives 1/4 the damage it inflicts in recoil.
529	drill-run	ground	physical	80	95	10	0	selected-pokemon	5	damage	-	-	1	-	-	-	-	-	-	-	contact protect mirror	Has an increased chance for a critical hit.
530	dual-chop	dragon	physical	40	90	15	0	selected-pokemon	5	damage	-	-	-	-	-	-	-	2	-	-	contact protect mirror	Hits twice in one turn.
531	heart-stamp	psychic	physical	60	100	25	0	selected-pokemon	5	damage	-	-	-	-	-	30	-	-	-	-	contact protect mirror	Has a chance to make the target flinch.
532	horn-leech	grass	physical	75	100	10	0	selected-pokemon	5	damage-heal	-	-	-	50	-	-	-	-	-	-	contact protect mirror heal	Drains half the damage inflicted to heal the user.
533	sacred-sword	fighting	physical	90	100	15	0	selected-pokemon	5	damage	-	-	-	-	-	-	-	-	-	-	contact protect mirror	Ignores the target’s stat modifiers.
534	razor-shell	water	physical	75	95	10	0	selected-pokemon	5	damage-lower	-	-	-	-	-	-	50	-	-	defense-1	contact protect mirror	Has a chance to lower the target’s Defense by one stage.
535	heat-crash	fire	physical	-	100	10	0	selected-pokemon	5	damage	-	-	-	-	-	-	-	-	-	-	contact protect mirror non-sky-battle	Power is higher when the user weighs more than the target, up to a maximum of 120.
536	leaf-tornado	grass	special	65	90	10	0	selected-pokemon	5	damage-lower	-	-	-	-	-	-	50	-	-	accuracy-1	protect mirror	Has a chance to lower the target’s accuracy by one stage.
537	steamroller	bug	physical	65	100	20	0	selected-pokemon	5	damage	-	-	-	-	-	30	-	-	-	-	contact protect mirror	Has a chance to make the target flinch.
538	cotton-guard	grass	status	-	-	10	0	user	5	net-good-stats	-	-	-	-	-	-	-	-	-	defense+3	snatch	Raises the user’s Defense by three stages.
539	night-daze	dark	special	85	95	10	0	selected-pokemon	5	damage-lower	-	-	-	-	-	-	40	-	-	accuracy-1	protect mirror	Has a chance to lower the target’s accuracy by one stage.
540	psystrike	psychic	special	100	100	10	0	selected-pokemon	5	damage	-	-	-	-	-	-	-	-	-	-	protect mirror	Inflicts damage based on the target’s Defense, not Special Defense.
541	tail-slap	normal	physical	25	85	10	0	selected-pokemon	5	damage	-	-	-	-	-	-	-	2-5	-	-	contact protect mirror	Hits 2-5 times in one turn.
542	hurricane	flying	special	110	70	10	0	selected-pokemon	5	damage-ailment	confusion	30	-	-	-	-	-	-	2-5	-	protect mirror distance	Has a chance to confuse the target.
543	head-charge	normal	physical	120	100	15	0	selected-pokemon	5	damage	-	-	-	-25	-	-	-	-	-	-	contact protect mirror	User receives 1/4 the damage it inflicts in recoil.
544	gear-grind	steel	physical	50	85	15	0	selected-pokemon	5	damage	-	-	-	-	-	-	-	2	-	-	contact protect mirror	Hits twice in one turn.
545	searing-shot	fire	special	100	100	5	0	all-other-pokemon	5	damage-ailment	burn	30	-	-	-	-	-	-	-	-	protect mirror ballistics	Has a chance to burn the target.
546	techno-blast	normal	special	120	100	5	0	selected-pokemon	5	damage	-	-	-	-	-	-	-	-	-	-	protect mirror	If the user is holding a appropriate plate or drive, the damage inflicted will match it.
547	relic-song	normal	special	75	100	10	0	all-opponents	5	damage-ailment	sleep	10	-	-	-	-	-	-	2-4	-	protect mirror sound authentic	Has a chance to put the target to sleep.
548	secret-sword	fighting	special	85	100	10	0	selected-pokemon	5	damage	-	-	-	-	-	-	-	-	-	-	protect mirror	Inflicts damage based on the target’s Defense, not Special Defense.
549	glaciate	ice	special	65	95	10	0	all-opponents	5	damage-lower	-	-	-	-	-	-	100	-	-	speed-1	protect mirror	Lowers the target’s Speed by one stage.
550	bolt-strike	electric	physical	130	85	5	0	selected-pokemon	5	damage-ailment	paralysis	20	-	-	-	-	-	-	-	-	contact protect mirror	Has a chance to paralyze the target.
551	blue-flare	fire	special	130	85	5	0	selected-pokemon	5	damage-ailment	burn	20	-	-	-	-	-	-	-	-	protect mirror	Has a chance to burn the target.
552	fiery-dance	fire	special	80	100	10	0	selected-pokemon	5	damage-raise	-	-	-	-	-	-	50	-	-	special-attack+1	protect mirror dance	Has a chance to raise the user’s Special Attack by one stage.
553	freeze-shock	ice	physical	140	90	5	0	selected-pokemon	5	damage-ailment	paralysis	30	-	-	-	-	-	-	-	-	charge protect mirror	Requires a turn to charge before attacking. Has a chance to paralyze the target.
554	ice-burn	ice	special	140	90	5	0	selected-pokemon	5	damage-ailment	burn	30	-	-	-	-	-	-	-	-	charge protect mirror	Requires a turn to charge before attacking. Has a chance to burn the target.
555	snarl	dark	special	55	95	15	0	all-opponents	5	damage-lower	-	-	-	-	-	-	100	-	-	special-attack-1	protect mirror sound authentic	Has a chance to lower the target’s Special Attack by one stage.
556	icicle-crash	ice	physical	85	90	10	0	selected-pokemon	5	damage	-	-	-	-	-	30	-	-	-	-	protect mirror	Has a chance to make the target flinch.
557	v-create	fire	physical	180	95	5	0	selected-pokemon	5	damage-raise	-	-	-	-	-	-	100	-	-	defense-1 special-defense-1 speed-1	contact protect mirror	Lowers the user’s Defense, Special Defense, and Speed by one stage each.
558	fusion-flare	fire	special	100	100	5	0	selected-pokemon	5	damage	-	-	-	-	-	-	-	-	-	-	protect mirror defrost	With Fusion Bolt, inflicts double damage.
559	fusion-bolt	electric	physical	100	100	5	0	selected-pokemon	5	damage	-	-	-	-	-	-	-	-	-	-	protect mirror	With Fusion Flare, inflicts double damage.
560	flying-press	fighting	physical	100	95	10	0	selected-pokemon	6	damage	-	-	-	-	-	-	-	-	-	-	contact protect mirror gravity distance non-sky-battle	Deals both Fighting and Flying-type damage.
561	mat-block	fighting	status	-	-	10	0	users-field	6	field-effect	-	-	-	-	-	-	-	-	-	-	snatch non-sky-battle	Protects all friendly Pokémon from damaging moves. Only works on the first turn after the user is sent out.
562	belch	poison	special	120	90	10	0	selected-pokemon	6	damage	-	-	-	-	-	-	-	-	-	-	protect	Can only be used after the user has eaten a berry.
563	rototiller	ground	status	-	-	10	0	all-pokemon	6	net-good-stats	-	-	-	-	-	-	100	-	-	attack+1 special-attack+1	distance non-sky-battle	Raises the Attack and Special Attack of all Grass Pokémon in battle.
564	sticky-web	bug	status	-	-	20	0	opponents-field	6	field-effect	-	-	-	-	-	-	-	-	-	-	reflectable	Covers the opposing field, lowering opponents’ Speed by one stage upon switching in.
565	fell-stinger	bug	physical	50	100	25	0	selected-pokemon	6	damage	-	-	-	-	-	-	-	-	-	-	contact protect mirror	Raises the user’s Attack by two stages if it KOs the target.
566	phantom-force	ghost	physical	90	100	10	0	selected-pokemon	6	damage	-	-	-	-	-	-	-	-	-	-	contact charge mirror	User vanishes, dodging all attacks, and hits next turn. Hits through Protect and Detect.
567	trick-or-treat	ghost	status	-	100	20	0	selected-pokemon	6	unique	-	-	-	-	-	-	-	-	-	-	protect reflectable mirror	Adds Ghost to the target’s types.
568	noble-roar	normal	status	-	100	30	0	selected-pokemon	6	net-good-stats	-	-	-	-	-	-	100	-	-	attack-1 special-attack-1	protect reflectable mirror sound authentic	Lowers the target’s Attack and Special Attack by one stage.
569	ion-deluge	electric	status	-	-	25	1	entire-field	6	whole-field-effect	-	-	-	-	-	-	-	-	-	-	-	Changes all Normal moves to Electric moves for the rest of the turn.
570	parabolic-charge	electric	special	65	100	20	0	all-other-pokemon	6	damage-heal	-	-	-	50	-	-	-	-	-	-	protect mirror heal	Heals the user for half the total damage dealt to all targets.
571	forests-curse	grass	status	-	100	20	0	selected-pokemon	6	unique	-	-	-	-	-	-	-	-	-	-	protect reflectable mirror	Adds Grass to the target’s types.
572	petal-blizzard	grass	physical	90	100	15	0	all-other-pokemon	6	damage	-	-	-	-	-	-	-	-	-	-	protect mirror	Inflicts regular damage.
573	freeze-dry	ice	special	70	100	20	0	selected-pokemon	6	damage-ailment	freeze	10	-	-	-	-	-	-	-	-	protect mirror	Super-effective against Water.
574	disarming-voice	fairy	special	40	-	15	0	all-opponents	6	damage	-	-	-	-	-	-	-	-	-	-	protect mirror sound authentic	Never misses.
575	parting-shot	dark	status	-	100	20	0	selected-pokemon	6	net-good-stats	-	-	-	-	-	-	100	-	-	attack-1 special-attack-1	protect reflectable mirror sound authentic	Lowers all targets’ Attack and Special Attack by one stage. Makes the user switch out.
576	topsy-turvy	dark	status	-	-	20	0	selected-pokemon	6	unique	-	-	-	-	-	-	-	-	-	-	protect reflectable mirror	Inverts the target’s stat modifiers.
577	draining-kiss	fairy	special	50	100	10	0	selected-pokemon	6	damage-heal	-	-	-	75	-	-	-	-	-	-	contact protect mirror heal	Drains 75% of the damage inflicted to heal the user.
578	crafty-shield	fairy	status	-	-	10	3	users-field	6	field-effect	-	-	-	-	-	-	-	-	-	-	-	Protects all friendly Pokémon from non-damaging moves.
579	flower-shield	fairy	status	-	-	10	0	all-pokemon	6	unique	-	-	-	-	-	-	100	-	-	defense+1	distance	Raises the Defense of all Grass Pokémon in battle.
580	grassy-terrain	grass	status	-	-	10	0	entire-field	6	whole-field-effect	-	-	-	-	-	-	-	-	-	-	non-sky-battle	For five turns, heals all Pokémon on the ground for 1/16 max HP each turn and strengthens their Grass moves to 1.5× their power.
581	misty-terrain	fairy	status	-	-	10	0	entire-field	6	whole-field-effect	-	-	-	-	-	-	-	-	-	-	non-sky-battle	For five turns, protects all Pokémon on the ground from major status ailments and confusion, and halves the power of incoming Dragon moves.
582	electrify	electric	status	-	-	20	0	selected-pokemon	6	unique	-	-	-	-	-	-	-	-	-	-	protect mirror	Changes the target’s move’s type to Electric if it hasn’t moved yet this turn.
583	play-rough	fairy	physical	90	90	10	0	selected-pokemon	6	damage-lower	-	-	-	-	-	-	10	-	-	attack-1	contact protect mirror	Has a chance to lower the target’s Attack by one stage.
584	fairy-wind	fairy	special	40	100	30	0	selected-pokemon	6	damage	-	-	-	-	-	-	-	-	-	-	protect mirror	Inflicts regular damage with no additional effect.
585	moonblast	fairy	special	95	100	15	0	selected-pokemon	6	damage-lower	-	-	-	-	-	-	30	-	-	special-attack-1	protect mirror	Has a chance to lower the target’s Special Attack by one stage.
586	boomburst	normal	special	140	100	10	0	all-other-pokemon	6	damage	-	-	-	-	-	-	-	-	-	-	protect mirror sound authentic	Inflicts regular damage.
587	fairy-lock	fairy	status	-	-	10	0	entire-field	6	whole-field-effect	-	-	-	-	-	-	-	-	-	-	mirror authentic	Prevents all Pokémon from fleeing or switching out during the next turn.
588	kings-shield	steel	status	-	-	10	4	user	6	unique	-	-	-	-	-	-	-	-	-	-	-	Blocks damaging attacks and lowers attacking Pokémon’s Attack by two stages on contact. Switches Aegislash to Shield Forme.
589	play-nice	normal	status	-	-	20	0	selected-pokemon	6	net-good-stats	-	-	-	-	-	-	100	-	-	attack-1	reflectable mirror authentic	Lowers the target’s Attack by one stage.
590	confide	normal	status	-	-	20	0	selected-pokemon	6	net-good-stats	-	-	-	-	-	-	100	-	-	special-attack-1	reflectable mirror sound authentic	Lowers the target’s Special Attack by one stage.
591	diamond-storm	rock	physical	100	95	5	0	all-opponents	6	damage-raise	-	-	-	-	-	-	50	-	-	defense+2	protect mirror	Has a chance to raise the user’s Defense by two stages for each target hit.
592	steam-eruption	water	special	110	95	5	0	selected-pokemon	6	damage-ailment	burn	30	-	-	-	-	-	-	-	-	protect mirror defrost	Has a chance to burn the target.
593	hyperspace-hole	psychic	special	80	-	5	0	selected-pokemon	6	damage	-	-	-	-	-	-	-	-	-	-	mirror authentic	Ignores and destroys protection effects.
594	water-shuriken	water	special	15	100	20	1	selected-pokemon	6	damage	-	-	-	-	-	-	-	2-5	-	-	protect mirror	Hits 2–5 times.
595	mystical-fire	fire	special	75	100	10	0	selected-pokemon	6	damage-lower	-	-	-	-	-	-	100	-	-	special-attack-1	protect mirror	Has a chance to lower the target’s Special Attack by one stage.
596	spiky-shield	grass	status	-	-	10	4	user	6	unique	-	-	-	-	-	-	-	-	-	-	-	Blocks damaging attacks and damages attacking Pokémon for 1/8 their max HP.
597	aromatic-mist	fairy	status	-	-	20	0	ally	6	net-good-stats	-	-	-	-	-	-	-	-	-	special-defense+1	authentic	Raises a selected ally’s Special Defense by one stage.
598	eerie-impulse	electric	status	-	100	15	0	selected-pokemon	6	net-good-stats	-	-	-	-	-	-	-	-	-	special-attack-2	protect reflectable mirror	Lowers the target’s Special Attack by two stages.
599	venom-drench	poison	status	-	100	20	0	all-opponents	6	net-good-stats	-	-	-	-	-	-	100	-	-	attack-1 special-attack-1 speed-1	protect reflectable mirror	Lowers the target’s Attack, Special Attack, and Speed by one stage if it is poisoned.
600	powder	bug	status	-	100	20	1	selected-pokemon	6	unique	-	-	-	-	-	-	-	-	-	-	protect reflectable mirror authentic powder	Explodes if the target uses a Fire move this turn, damaging it for 1/4 its max HP and preventing the move.
601	geomancy	fairy	status	-	-	10	0	user	6	net-good-stats	-	-	-	-	-	-	-	-	-	special-attack+2 special-defense+2 speed+2	charge non-sky-battle	Takes one turn to charge, then raises the user’s Special Attack, Special Defense, and Speed by two stages.
602	magnetic-flux	electric	status	-	-	20	0	user-and-allies	6	net-good-stats	-	-	-	-	-	-	-	-	-	defense+1 special-defense+1	snatch distance authentic	Raises the Defense and Special Defense of all friendly Pokémon with Plus or Minus by one stage.
603	happy-hour	normal	status	-	-	30	0	users-field	6	unique	-	-	-	-	-	-	-	-	-	-	-	Doubles prize money.
604	electric-terrain	electric	status	-	-	10	0	entire-field	6	whole-field-effect	-	-	-	-	-	-	-	-	-	-	non-sky-battle	For five turns, prevents all Pokémon on the ground from sleeping and strengthens their Electric moves to 1.5× their power.
605	dazzling-gleam	fairy	special	80	100	10	0	all-opponents	6	damage	-	-	-	-	-	-	-	-	-	-	protect mirror	Inflicts regular damage with no additional effect.
606	celebrate	normal	status	-	-	40	0	user	6	unique	-	-	-	-	-	-	-	-	-	-	-	Does nothing.
607	hold-hands	normal	status	-	-	40	0	ally	6	unique	-	-	-	-	-	-	-	-	-	-	authentic	Does nothing.
608	baby-doll-eyes	fairy	status	-	100	30	1	selected-pokemon	6	net-good-stats	-	-	-	-	-	-	-	-	-	attack-1	protect reflectable mirror	Lowers the target’s Attack by one stage.
609	nuzzle	electric	physical	20	100	20	0	selected-pokemon	6	damage-ailment	paralysis	100	-	-	-	-	-	-	-	-	contact protect mirror	Has a chance to paralyze the target.
610	hold-back	normal	physical	40	100	40	0	selected-pokemon	6	damage	-	-	-	-	-	-	-	-	-	-	contact protect mirror	Cannot lower the target’s HP below 1.
611	infestation	bug	special	20	100	20	0	selected-pokemon	6	damage-ailment	trap	100	-	-	-	-	-	-	4-5	-	contact protect mirror	Prevents the target from fleeing and inflicts damage for 2-5 turns.
612	power-up-punch	fighting	physical	40	100	20	0	selected-pokemon	6	damage-raise	-	-	-	-	-	-	100	-	-	attack+1	contact protect mirror punch	Raises the user’s Attack by one stage after inflicting damage.
613	oblivion-wing	flying	special	80	100	10	0	selected-pokemon	6	damage-heal	-	-	-	75	-	-	-	-	-	-	protect mirror distance heal	Drains 75% of the damage inflicted to heal the user.
614	thousand-arrows	ground	physical	90	100	10	0	all-opponents	6	damage	unknown	100	-	-	-	-	-	-	-	-	protect mirror non-sky-battle	Grounds the target, and hits even Flying-type or levitating Pokémon.
615	thousand-waves	ground	physical	90	100	10	0	all-opponents	6	damage	-	-	-	-	-	-	-	-	-	-	protect mirror non-sky-battle	Prevents the target from leaving battle.
616	lands-wrath	ground	physical	90	100	10	0	all-opponents	6	damage	-	-	-	-	-	-	-	-	-	-	protect mirror non-sky-battle	Inflicts regular damage with no additional effect.
617	light-of-ruin	fairy	special	140	90	5	0	selected-pokemon	6	damage	-	-	-	-50	-	-	-	-	-	-	protect mirror	User receives 1/2 the damage inflicted in recoil.
618	origin-pulse	water	special	110	85	10	0	all-opponents	6	damage	-	-	-	-	-	-	-	-	-	-	protect mirror pulse	Inflicts regular damage with no additional effect.
619	precipice-blades	ground	physical	120	85	10	0	all-opponents	6	damage	-	-	-	-	-	-	-	-	-	-	protect mirror non-sky-battle	Inflicts regular damage with no additional effect.
620	dragon-ascent	flying	physical	120	100	5	0	selected-pokemon	6	damage-raise	-	-	-	-	-	-	100	-	-	defense-1 special-defense-1	contact protect mirror distance	Lowers the user’s Defense and Special Defense by one stage after inflicting damage.
621	hyperspace-fury	dark	physical	100	-	5	0	selected-pokemon	6	damage-raise	-	-	-	-	-	-	100	-	-	defense-1	mirror authentic	Ignores and destroys protection effects.
622	breakneck-blitz--physical	normal	physical	-	-	1	0	selected-pokemon	7	damage	-	-	-	-	-	-	-	-	-	-	-	Inflicts regular damage with no additional effect.
623	breakneck-blitz--special	normal	special	-	-	1	0	selected-pokemon	7	damage	-	-	-	-	-	-	-	-	-	-	-	Inflicts regular damage with no additional effect.
624	all-out-pummeling--physical	fighting	physical	-	-	1	0	selected-pokemon	7	damage	-	-	-	-	-	-	-	-	-	-	-	Inflicts regular damage with no additional effect.
625	all-out-pummeling--special	fighting	special	-	-	1	0	selected-pokemon	7	damage	-	-	-	-	-	-	-	-	-	-	-	Inflicts regular damage with no additional effect.
626	supersonic-skystrike--physical	flying	physical	-	-	1	0	selected-pokemon	7	damage	-	-	-	-	-	-	-	-	-	-	-	Inflicts regular damage with no additional effect.
627	supersonic-skystrike--special	flying	special	-	-	1	0	selected-pokemon	7	damage	-	-	-	-	-	-	-	-	-	-	-	Inflicts regular damage with no additional effect.
628	acid-downpour--physical	poison	physical	-	-	1	0	selected-pokemon	7	damage	-	-	-	-	-	-	-	-	-	-	-	Inflicts regular damage with no additional effect.
629	acid-downpour--special	poison	special	-	-	1	0	selected-pokemon	7	damage	-	-	-	-	-	-	-	-	-	-	-	Inflicts regular damage with no additional effect.
630	tectonic-rage--physical	ground	physical	-	-	1	0	selected-pokemon	7	damage	-	-	-	-	-	-	-	-	-	-	-	Inflicts regular damage with no additional effect.
631	tectonic-rage--special	ground	special	-	-	1	0	selected-pokemon	7	damage	-	-	-	-	-	-	-	-	-	-	-	Inflicts regular damage with no additional effect.
632	continental-crush--physical	rock	physical	-	-	1	0	selected-pokemon	7	damage	-	-	-	-	-	-	-	-	-	-	-	Inflicts regular damage with no additional effect.
633	continental-crush--special	rock	special	-	-	1	0	selected-pokemon	7	damage	-	-	-	-	-	-	-	-	-	-	-	Inflicts regular damage with no additional effect.
634	savage-spin-out--physical	bug	physical	-	-	1	0	selected-pokemon	7	damage	-	-	-	-	-	-	-	-	-	-	-	Inflicts regular damage with no additional effect.
635	savage-spin-out--special	bug	special	-	-	1	0	selected-pokemon	7	damage	-	-	-	-	-	-	-	-	-	-	-	Inflicts regular damage with no additional effect.
636	never-ending-nightmare--physical	ghost	physical	-	-	1	0	selected-pokemon	7	damage	-	-	-	-	-	-	-	-	-	-	-	Inflicts regular damage with no additional effect.
637	never-ending-nightmare--special	ghost	special	-	-	1	0	selected-pokemon	7	damage	-	-	-	-	-	-	-	-	-	-	-	Inflicts regular damage with no additional effect.
638	corkscrew-crash--physical	steel	physical	-	-	1	0	selected-pokemon	7	damage	-	-	-	-	-	-	-	-	-	-	-	Inflicts regular damage with no additional effect.
639	corkscrew-crash--special	steel	special	-	-	1	0	selected-pokemon	7	damage	-	-	-	-	-	-	-	-	-	-	-	Inflicts regular damage with no additional effect.
640	inferno-overdrive--physical	fire	physical	-	-	1	0	selected-pokemon	7	damage	-	-	-	-	-	-	-	-	-	-	-	Inflicts regular damage with no additional effect.
641	inferno-overdrive--special	fire	special	-	-	1	0	selected-pokemon	7	damage	-	-	-	-	-	-	-	-	-	-	-	Inflicts regular damage with no additional effect.
642	hydro-vortex--physical	water	physical	-	-	1	0	selected-pokemon	7	damage	-	-	-	-	-	-	-	-	-	-	-	Inflicts regular damage with no additional effect.
643	hydro-vortex--special	water	special	-	-	1	0	selected-pokemon	7	damage	-	-	-	-	-	-	-	-	-	-	-	Inflicts regular damage with no additional effect.
644	bloom-doom--physical	grass	physical	-	-	1	0	selected-pokemon	7	damage	-	-	-	-	-	-	-	-	-	-	-	Inflicts regular damage with no additional effect.
645	bloom-doom--special	grass	special	-	-	1	0	selected-pokemon	7	damage	-	-	-	-	-	-	-	-	-	-	-	Inflicts regular damage with no additional effect.
646	gigavolt-havoc--physical	electric	physical	-	-	1	0	selected-pokemon	7	damage	-	-	-	-	-	-	-	-	-	-	-	Inflicts regular damage with no additional effect.
647	gigavolt-havoc--special	electric	special	-	-	1	0	selected-pokemon	7	damage	-	-	-	-	-	-	-	-	-	-	-	Inflicts regular damage with no additional effect.
648	shattered-psyche--physical	psychic	physical	-	-	1	0	selected-pokemon	7	damage	-	-	-	-	-	-	-	-	-	-	-	Inflicts regular damage with no additional effect.
649	shattered-psyche--special	psychic	special	-	-	1	0	selected-pokemon	7	damage	-	-	-	-	-	-	-	-	-	-	-	Inflicts regular damage with no additional effect.
650	subzero-slammer--physical	ice	physical	-	-	1	0	selected-pokemon	7	damage	-	-	-	-	-	-	-	-	-	-	-	Inflicts regular damage with no additional effect.
651	subzero-slammer--special	ice	special	-	-	1	0	selected-pokemon	7	damage	-	-	-	-	-	-	-	-	-	-	-	Inflicts regular damage with no additional effect.
652	devastating-drake--physical	dragon	physical	-	-	1	0	selected-pokemon	7	damage	-	-	-	-	-	-	-	-	-	-	-	Inflicts regular damage with no additional effect.
653	devastating-drake--special	dragon	special	-	-	1	0	selected-pokemon	7	damage	-	-	-	-	-	-	-	-	-	-	-	Inflicts regular damage with no additional effect.
654	black-hole-eclipse--physical	dark	physical	-	-	1	0	selected-pokemon	7	damage	-	-	-	-	-	-	-	-	-	-	-	Inflicts regular damage with no additional effect.
655	black-hole-eclipse--special	dark	special	-	-	1	0	selected-pokemon	7	damage	-	-	-	-	-	-	-	-	-	-	-	Inflicts regular damage with no additional effect.
656	twinkle-tackle--physical	fairy	physical	-	-	1	0	selected-pokemon	7	damage	-	-	-	-	-	-	-	-	-	-	-	Inflicts regular damage with no additional effect.
657	twinkle-tackle--special	fairy	special	-	-	1	0	selected-pokemon	7	damage	-	-	-	-	-	-	-	-	-	-	-	Inflicts regular damage with no additional effect.
658	catastropika	electric	physical	210	-	1	0	selected-pokemon	7	damage	-	-	-	-	-	-	-	-	-	-	contact	Inflicts regular damage with no additional effect.
659	shore-up	ground	status	-	-	5	0	user	7	heal	-	-	-	-	50	-	-	-	-	-	snatch heal	Heals the user for ½ its max HP, or ⅔ during a sandstorm.
660	first-impression	bug	physical	90	100	10	2	selected-pokemon	7	damage	-	-	-	-	-	-	-	-	-	-	contact protect mirror	Can only be used as the first move after the user enters battle.
661	baneful-bunker	poison	status	-	-	10	4	user	7	unique	-	-	-	-	-	-	-	-	-	-	-	Grants the user protection for the rest of the turn and poisons any Pokémon that tries to use a contact move on it.
662	spirit-shackle	ghost	physical	80	100	10	0	selected-pokemon	7	damage	-	-	-	-	-	-	-	-	-	-	protect mirror	Traps the target.
663	darkest-lariat	dark	physical	85	100	10	0	selected-pokemon	7	damage	-	-	-	-	-	-	-	-	-	-	contact protect mirror	Ignores the target’s stat modifiers.
664	sparkling-aria	water	special	90	100	10	0	all-other-pokemon	7	damage	-	-	-	-	-	-	-	-	-	-	protect mirror sound authentic	Cures the target of burns.
665	ice-hammer	ice	physical	100	90	10	0	selected-pokemon	7	damage-raise	-	-	-	-	-	-	100	-	-	speed-1	contact protect mirror punch	Lowers user’s Speed by one stage.
666	floral-healing	fairy	status	-	-	10	0	selected-pokemon	7	heal	-	-	-	-	50	-	-	-	-	-	protect reflectable heal	Heals the target for ½ its max HP, or ⅔ on Grassy Terrain.
667	high-horsepower	ground	physical	95	95	10	0	selected-pokemon	7	damage	-	-	-	-	-	-	-	-	-	-	contact protect mirror	Inflicts regular damage with no additional effect.
668	strength-sap	grass	status	-	100	10	0	selected-pokemon	7	unique	-	-	-	-	-	-	100	-	-	attack-1	protect reflectable mirror heal	Heals the user by the target’s current Attack stat and lowers the target’s Attack by one stage.
669	solar-blade	grass	physical	125	100	10	0	selected-pokemon	7	damage	-	-	-	-	-	-	-	-	-	-	contact charge protect mirror	Requires a turn to charge before attacking.
670	leafage	grass	physical	40	100	40	0	selected-pokemon	7	damage	-	-	-	-	-	-	-	-	-	-	protect mirror	Inflicts regular damage with no additional effect.
671	spotlight	normal	status	-	-	15	3	selected-pokemon	7	unique	-	-	-	-	-	-	-	-	-	-	protect reflectable	Forces the target’s opponents to aim at the target for the rest of the turn.
672	toxic-thread	poison	status	-	100	20	0	selected-pokemon	7	swagger	poison	100	-	-	-	-	100	-	-	speed-1	protect reflectable mirror	Poisons the target and lowers its Speed by one stage.
673	laser-focus	normal	status	-	-	30	0	user	7	unique	-	-	-	-	-	-	-	-	-	-	snatch	Guarantees a critical hit with the user’s next move.
674	gear-up	steel	status	-	-	20	0	user-and-allies	7	net-good-stats	-	-	-	-	-	-	-	-	-	attack+1 special-attack+1	snatch authentic	Raises the Attack and Special Attack of all friendly Pokémon with Plus or Minus by one stage.
675	throat-chop	dark	physical	80	100	15	0	selected-pokemon	7	damage-ailment	silence	100	-	-	-	-	-	-	2	-	contact protect mirror	Prevents the target from using sound-based moves for two turns.
676	pollen-puff	bug	special	90	100	15	0	selected-pokemon	7	damage	-	-	-	-	-	-	-	-	-	-	protect mirror ballistics	Damages opponents, but heals allies for 50% of their max HP.
677	anchor-shot	steel	physical	80	100	20	0	selected-pokemon	7	damage	-	-	-	-	-	-	-	-	-	-	contact protect mirror	Traps the target.
678	psychic-terrain	psychic	status	-	-	10	0	entire-field	7	whole-field-effect	-	-	-	-	-	-	-	-	-	-	non-sky-battle	Protects Pokémon on the ground from priority moves and increases the power of their Psychic moves by 50%.
679	lunge	bug	physical	80	100	15	0	selected-pokemon	7	damage-lower	-	-	-	-	-	-	100	-	-	attack-1	contact protect mirror	Lowers the target’s Attack by one stage after inflicting damage.
680	fire-lash	fire	physical	80	100	15	0	selected-pokemon	7	damage-lower	-	-	-	-	-	-	100	-	-	defense-1	contact protect mirror	Lowers the target’s Defense by one stage after inflicting damage.
681	power-trip	dark	physical	20	100	10	0	selected-pokemon	7	damage	-	-	-	-	-	-	-	-	-	-	contact protect mirror	Power is higher the more the user’s stats have been raised, to a maximum of 31×.
682	burn-up	fire	special	130	100	5	0	selected-pokemon	7	damage	-	-	-	-	-	-	-	-	-	-	protect mirror defrost	Removes the user’s Fire type after inflicting damage.
683	speed-swap	psychic	status	-	-	10	0	selected-pokemon	7	unique	-	-	-	-	-	-	-	-	-	-	protect mirror authentic	Exchanges the user’s Speed with the target’s.
684	smart-strike	steel	physical	70	-	10	0	selected-pokemon	7	damage	-	-	-	-	-	-	-	-	-	-	contact protect mirror	Never misses.
685	purify	poison	status	-	-	20	0	selected-pokemon	7	unique	-	-	-	-	50	-	-	-	-	-	protect reflectable heal	Cures the target of a major status ailment and heals the user for 50% of its max HP.
686	revelation-dance	normal	special	90	100	15	0	selected-pokemon	7	damage	-	-	-	-	-	-	-	-	-	-	protect mirror dance	Has the same type as the user.
687	core-enforcer	dragon	special	100	100	10	0	all-opponents	7	damage	-	-	-	-	-	-	-	-	-	-	protect mirror	Nullifies the target’s ability if it moves earlier.
688	trop-kick	grass	physical	70	100	15	0	selected-pokemon	7	damage-lower	-	-	-	-	-	-	100	-	-	attack-1	contact protect mirror	Lowers the target’s Attack by one stage after inflicting damage.
689	instruct	psychic	status	-	-	15	0	selected-pokemon	7	unique	-	-	-	-	-	-	-	-	-	-	protect authentic	Forces the target to repeat its last used move.
690	beak-blast	flying	physical	100	100	15	-3	selected-pokemon	7	damage	-	-	-	-	-	-	-	-	-	-	protect ballistics	Inflicts a burn on any Pokémon that makes contact before the attack.
691	clanging-scales	dragon	special	110	100	5	0	all-opponents	7	damage-raise	-	-	-	-	-	-	100	-	-	defense-1	protect mirror sound authentic	Lowers the user’s Defense by one stage after inflicting damage.
692	dragon-hammer	dragon	physical	90	100	15	0	selected-pokemon	7	damage	-	-	-	-	-	-	-	-	-	-	contact protect mirror	Inflicts regular damage with no additional effect.
693	brutal-swing	dark	physical	60	100	20	0	all-other-pokemon	7	damage	-	-	-	-	-	-	-	-	-	-	contact protect mirror	Inflicts regular damage with no additional effect.
694	aurora-veil	ice	status	-	-	20	0	users-field	7	field-effect	-	-	-	-	-	-	-	-	-	-	snatch	Reduces damage five turns, but must be used during hail.
695	sinister-arrow-raid	ghost	physical	180	-	1	0	selected-pokemon	7	damage	-	-	-	-	-	-	-	-	-	-	-	Inflicts regular damage with no additional effect.
696	malicious-moonsault	dark	physical	180	-	1	0	selected-pokemon	7	damage	-	-	-	-	-	-	-	-	-	-	contact	Inflicts regular damage with no additional effect.
697	oceanic-operetta	water	special	195	-	1	0	selected-pokemon	7	damage	-	-	-	-	-	-	-	-	-	-	-	Inflicts regular damage with no additional effect.
698	guardian-of-alola	fairy	special	-	-	1	0	selected-pokemon	7	damage	-	-	-	-	-	-	-	-	-	-	-	Damages the target for 75% of its remaining HP.
699	soul-stealing-7-star-strike	ghost	physical	195	-	1	0	selected-pokemon	7	damage	-	-	-	-	-	-	-	-	-	-	contact	Inflicts regular damage with no additional effect.
700	stoked-sparksurfer	electric	special	175	-	1	0	selected-pokemon	7	damage-ailment	paralysis	100	-	-	-	-	-	-	-	-	-	Has a chance to paralyze the target.
701	pulverizing-pancake	normal	physical	210	-	1	0	selected-pokemon	7	damage	-	-	-	-	-	-	-	-	-	-	contact	Inflicts regular damage with no additional effect.
702	extreme-evoboost	normal	status	-	-	1	0	user	7	net-good-stats	-	-	-	-	-	-	100	-	-	attack+2 defense+2 special-attack+2 special-defense+2 speed+2	-	Raises all of the user’s stats by two stages.
703	genesis-supernova	psychic	special	185	-	1	0	selected-pokemon	7	damage	-	-	-	-	-	-	-	-	-	-	-	Changes the terrain to Psychic Terrain after inflicting damage.
704	shell-trap	fire	special	150	100	5	-3	all-opponents	7	damage	-	-	-	-	-	-	-	-	-	-	protect	Only inflicts damage if the user was hit by a physical move this turn.
705	fleur-cannon	fairy	special	130	90	5	0	selected-pokemon	7	damage-raise	-	-	-	-	-	-	100	-	-	special-attack-2	protect mirror	Lowers the user’s Special Attack by two stages after inflicting damage.
706	psychic-fangs	psychic	physical	85	100	10	0	selected-pokemon	7	damage	-	-	-	-	-	-	-	-	-	-	contact protect mirror bite	Destroys Reflect and Light Screen.
707	stomping-tantrum	ground	physical	75	100	10	0	selected-pokemon	7	damage	-	-	-	-	-	-	-	-	-	-	contact protect mirror	Has double power if the user’s last move failed.
708	shadow-bone	ghost	physical	85	100	10	0	selected-pokemon	7	damage-lower	-	-	-	-	-	-	20	-	-	defense-1	protect mirror	Has a chance to lower the target’s Defense by one stage.
709	accelerock	rock	physical	40	100	20	1	selected-pokemon	7	damage	-	-	-	-	-	-	-	-	-	-	contact protect mirror	Inflicts regular damage with no additional effect.
710	liquidation	water	physical	85	100	10	0	selected-pokemon	7	damage-lower	-	-	-	-	-	-	20	-	-	defense-1	contact protect mirror	Has a chance to lower the target’s Defense by one stage.
711	prismatic-laser	psychic	special	160	100	10	0	selected-pokemon	7	damage	-	-	-	-	-	-	-	-	-	-	recharge protect mirror	User foregoes its next turn to recharge.
712	spectral-thief	ghost	physical	90	100	10	0	selected-pokemon	7	damage	-	-	-	-	-	-	-	-	-	-	contact protect mirror authentic	Steals the target’s stat increases, then inflicts damage.
713	sunsteel-strike	steel	physical	100	100	5	0	selected-pokemon	7	damage	-	-	-	-	-	-	-	-	-	-	contact protect mirror	Cannot be disrupted by abilities.
714	moongeist-beam	ghost	special	100	100	5	0	selected-pokemon	7	damage	-	-	-	-	-	-	-	-	-	-	protect mirror	Cannot be disrupted by abilities.
715	tearful-look	normal	status	-	-	20	0	selected-pokemon	7	net-good-stats	-	-	-	-	-	-	100	-	-	attack-1 special-attack-1	reflectable mirror	Lowers the target’s Attack and Special Attack by one stage.
716	zing-zap	electric	physical	80	100	10	0	selected-pokemon	7	damage	-	-	-	-	-	30	-	-	-	-	contact protect mirror	Has a chance to make the target flinch.
717	natures-madness	fairy	special	-	90	10	0	selected-pokemon	7	damage	-	-	-	-	-	-	-	-	-	-	protect mirror	Inflicts damage equal to half the target’s HP.
718	multi-attack	normal	physical	120	100	10	0	selected-pokemon	7	damage	-	-	-	-	-	-	-	-	-	-	contact protect mirror	If the user is holding a appropriate plate or drive, the damage inflicted will match it.
719	10-000-000-volt-thunderbolt	electric	special	195	-	1	0	selected-pokemon	7	damage	-	-	2	-	-	-	-	-	-	-	-	Inflicts regular damage with no additional effect.
720	mind-blown	fire	special	150	100	5	0	all-other-pokemon	7	damage	-	-	-	-	-	-	-	-	-	-	protect mirror	Inflicts damage, and the user takes damage equal to half of its max HP, rounded up.
721	plasma-fists	electric	physical	100	100	15	0	selected-pokemon	7	damage	-	-	-	-	-	-	-	-	-	-	contact protect mirror punch	After inflicting damage, causes all Normal-type moves to become Electric-type for the remainder of the turn.
722	photon-geyser	psychic	special	100	100	5	0	selected-pokemon	7	damage	-	-	-	-	-	-	-	-	-	-	protect mirror	Inflicts regular damage with no additional effect.
723	light-that-burns-the-sky	psychic	special	200	-	1	0	selected-pokemon	7	damage	-	-	-	-	-	-	-	-	-	-	-	Inflicts damage using either Attack or Special Attack stat, whichever is higher.
724	searing-sunraze-smash	steel	physical	200	-	1	0	selected-pokemon	7	damage	-	-	-	-	-	-	-	-	-	-	contact	Cannot be disrupted by abilities.
725	menacing-moonraze-maelstrom	ghost	special	200	-	1	0	selected-pokemon	7	damage	-	-	-	-	-	-	-	-	-	-	-	Cannot be disrupted by abilities.
726	lets-snuggle-forever	fairy	physical	190	-	1	0	selected-pokemon	7	damage	-	-	-	-	-	-	-	-	-	-	contact	Inflicts regular damage with no additional effect.
727	splintered-stormshards	rock	physical	190	-	1	0	selected-pokemon	7	damage	-	-	-	-	-	-	-	-	-	-	-	Inflicts damage and removes any terrain present on the battlefield.
728	clangorous-soulblaze	dragon	special	185	-	1	0	all-opponents	7	damage-raise	-	-	-	-	-	-	100	-	-	attack+1 defense+1 special-attack+1 special-defense+1 speed+1	sound authentic	Inflicts damage to all opposing Pokémon and increases the user’s Attack, Defense, Special Attack, Special Defense, and Speed by one stage each.
729	zippy-zap	electric	physical	80	100	10	2	selected-pokemon	7	damage-raise	-	-	-	-	-	-	100	-	-	evasion+1	contact protect mirror	Inflicts regular damage with no additional effect.
730	splishy-splash	water	special	90	100	15	0	all-opponents	7	damage-ailment	paralysis	30	-	-	-	-	-	-	-	-	protect mirror	Inflicts regular damage with no additional effect.
731	floaty-fall	flying	physical	90	95	15	0	selected-pokemon	7	damage	-	-	-	-	-	30	-	-	-	-	contact protect mirror gravity	Inflicts regular damage with no additional effect.
732	pika-papow	electric	special	-	-	20	0	selected-pokemon	7	damage	-	-	-	-	-	-	-	-	-	-	protect mirror	Inflicts regular damage with no additional effect.
733	bouncy-bubble	water	special	60	100	20	0	selected-pokemon	7	damage-heal	-	-	-	100	-	-	-	-	-	-	protect mirror heal	Inflicts regular damage with no additional effect.
734	buzzy-buzz	electric	special	60	100	20	0	selected-pokemon	7	damage-ailment	paralysis	100	-	-	-	-	-	-	-	-	protect mirror	Inflicts regular damage with no additional effect.
735	sizzly-slide	fire	physical	60	100	20	0	selected-pokemon	7	damage-ailment	burn	100	-	-	-	-	-	-	-	-	contact protect mirror defrost	Inflicts regular damage with no additional effect.
736	glitzy-glow	psychic	special	80	95	15	0	selected-pokemon	7	damage	-	-	-	-	-	-	-	-	-	-	protect mirror	Inflicts regular damage with no additional effect.
737	baddy-bad	dark	special	80	95	15	0	selected-pokemon	7	damage	-	-	-	-	-	-	-	-	-	-	protect mirror	Inflicts regular damage with no additional effect.
738	sappy-seed	grass	physical	100	90	10	0	selected-pokemon	7	damage-ailment	leech-seed	100	-	-	-	-	-	-	-	-	protect reflectable mirror	Inflicts regular damage with no additional effect.
739	freezy-frost	ice	special	100	90	10	0	selected-pokemon	7	damage	-	-	-	-	-	-	-	-	-	-	protect mirror	Inflicts regular damage with no additional effect.
740	sparkly-swirl	fairy	special	120	85	5	0	selected-pokemon	7	damage	-	-	-	-	-	-	-	-	-	-	protect mirror	Inflicts regular damage with no additional effect.
741	veevee-volley	normal	physical	-	-	20	0	selected-pokemon	7	damage	-	-	-	-	-	-	-	-	-	-	contact protect mirror	Inflicts regular damage with no additional effect.
742	double-iron-bash	steel	physical	60	100	5	0	selected-pokemon	7	damage	-	-	-	-	-	30	-	2	-	-	contact protect mirror punch	Hits twice in one turn.
743	max-guard	normal	status	-	-	10	4	user	8	unique	-	-	-	-	-	-	-	-	-	-	-	Prevents any moves from hitting the user this turn.
744	dynamax-cannon	dragon	special	100	100	5	0	selected-pokemon	8	damage	-	-	-	-	-	-	-	-	-	-	protect	Deals twice the damage if the target is Dynamaxed.
745	snipe-shot	water	special	80	100	15	0	selected-pokemon	8	damage	-	-	1	-	-	-	-	-	-	-	protect mirror	The user ignores the effects of opposing Pokémon's moves and Abilities that draw in moves, allowing this move to hit the chosen target.
746	jaw-lock	dark	physical	80	100	10	0	selected-pokemon	8	damage	-	-	-	-	-	-	-	-	-	-	contact protect mirror bite	Prevents you and the target from switching out.
747	stuff-cheeks	normal	status	-	-	10	0	user	8	net-good-stats	-	-	-	-	-	-	100	-	-	defense+2	snatch	User consumes berry and raises its defense by 2 stages.
748	no-retreat	fighting	status	-	-	5	0	user	8	net-good-stats	-	-	-	-	-	-	100	-	-	attack+1 defense+1 special-attack+1 special-defense+1 speed+1	snatch	Prevents user from switching out. Raises all of the user’s stats by one stage.
749	tar-shot	rock	status	-	100	15	0	selected-pokemon	8	swagger	tar-shot	100	-	-	-	-	100	-	-	speed-1	protect reflectable mirror	Lowers the target's Speed by 1 stage. Until the target switches out, the effectiveness of Fire-type moves is doubled against it.
750	magic-powder	psychic	status	-	100	20	0	selected-pokemon	8	unique	-	-	-	-	-	-	-	-	-	-	protect reflectable mirror powder	Causes the target to become a Psychic type.
751	dragon-darts	dragon	physical	50	100	10	0	selected-pokemon	8	damage	-	-	-	-	-	-	-	2	-	-	protect mirror	Hits twice in one turn. In Double Battles, this move will hit both enemy targets. If it would fail to hit one of the targets, the other target will be hit twice.
752	teatime	normal	status	-	-	10	0	all-pokemon	8	unique	-	-	-	-	-	-	-	-	-	-	authentic	All Pokemon on the field consume their held berries.
753	octolock	fighting	status	-	100	15	0	selected-pokemon	8	unique	-	-	-	-	-	-	-	-	-	-	protect mirror	Prevents the target from switching out. At the end of each turn, the targets Defense and Special Defense are lowered by 1 stage.
754	bolt-beak	electric	physical	85	100	10	0	selected-pokemon	8	damage	-	-	-	-	-	-	-	-	-	-	contact protect mirror	Power doubles if the user moves before the target.
755	fishious-rend	water	physical	85	100	10	0	selected-pokemon	8	damage	-	-	-	-	-	-	-	-	-	-	contact protect mirror bite	Power doubles if the user moves before the target.
756	court-change	normal	status	-	100	10	0	entire-field	8	unique	-	-	-	-	-	-	-	-	-	-	mirror	Switches single sided field effects from the users side to the targets side and vice versa.
757	max-flare	fire	physical	100	-	10	0	selected-pokemon-me-first	8	damage	-	-	-	-	-	-	-	-	-	-	-	Changes the weather to sunny for five turns.
758	max-flutterby	bug	physical	10	-	10	0	selected-pokemon-me-first	8	damage	-	-	-	-	-	-	-	-	-	-	-	If this move hits, lower the Special Attack of all Pokemon on the opposing side by 1 stage.
759	max-lightning	electric	physical	10	-	10	0	selected-pokemon-me-first	8	damage	-	-	-	-	-	-	-	-	-	-	-	For five turns, prevents all Pokémon on the ground from sleeping and strengthens their Electric moves to 1.5× their power.
760	max-strike	normal	physical	10	-	10	0	selected-pokemon-me-first	8	damage	-	-	-	-	-	-	-	-	-	-	-	If this move hits, lower the Speed of all Pokemon on the opposing side by 1 stage.
761	max-knuckle	fighting	physical	10	-	10	0	selected-pokemon-me-first	8	damage	-	-	-	-	-	-	-	-	-	-	-	If this move hits, raise the Attack of the user and its allies' by 1 stage.
762	max-phantasm	ghost	physical	10	-	10	0	selected-pokemon-me-first	8	damage	-	-	-	-	-	-	-	-	-	-	-	If this move hits, lower the Defense of all Pokemon on the opposing side by 1 stage.
763	max-hailstorm	ice	physical	10	-	10	0	selected-pokemon-me-first	8	damage	-	-	-	-	-	-	-	-	-	-	-	Changes the weather to a hailstorm for five turns.
764	max-ooze	poison	physical	10	-	10	0	selected-pokemon-me-first	8	damage	-	-	-	-	-	-	-	-	-	-	-	If this move hits, raise the Special Attack of the user and its allies' by 1 stage.
765	max-geyser	water	physical	10	-	10	0	selected-pokemon-me-first	8	damage	-	-	-	-	-	-	-	-	-	-	-	Changes the weather to rain for five turns.
766	max-airstream	flying	physical	10	-	10	0	selected-pokemon-me-first	8	damage	-	-	-	-	-	-	-	-	-	-	-	If this move hits, raise the Speed of the user and its allies' by 1 stage.
767	max-starfall	fairy	physical	10	-	10	0	selected-pokemon-me-first	8	damage	-	-	-	-	-	-	-	-	-	-	-	For five turns, protects all Pokémon on the ground from major status ailments and confusion, and halves the power of incoming Dragon moves.
768	max-wyrmwind	dragon	physical	10	-	10	0	selected-pokemon-me-first	8	damage	-	-	-	-	-	-	-	-	-	-	-	If this move hits, lower the Attack of all Pokemon on the opposing side by 1 stage.
769	max-mindstorm	psychic	physical	10	-	10	0	selected-pokemon-me-first	8	damage	-	-	-	-	-	-	-	-	-	-	-	Protects Pokémon on the ground from priority moves and increases the power of their Psychic moves by 50%.
770	max-rockfall	rock	physical	10	-	10	0	selected-pokemon-me-first	8	damage	-	-	-	-	-	-	-	-	-	-	-	Changes the weather to a sandstorm for five turns.
771	max-quake	ground	physical	10	-	10	0	selected-pokemon-me-first	8	damage	-	-	-	-	-	-	-	-	-	-	-	If this move hits, raise the Special Defense of the user and its allies' by 1 stage.
772	max-darkness	dark	physical	10	-	10	0	selected-pokemon-me-first	8	damage	-	-	-	-	-	-	-	-	-	-	-	If this move hits, lower the Special Defense of all Pokemon on the opposing side by 1 stage.
773	max-overgrowth	grass	physical	10	-	10	0	selected-pokemon-me-first	8	damage	-	-	-	-	-	-	-	-	-	-	-	For five turns, heals all Pokémon on the ground for 1/16 max HP each turn and strengthens their Grass moves to 1.5× their power.
774	max-steelspike	steel	physical	10	-	10	0	selected-pokemon-me-first	8	damage	-	-	-	-	-	-	-	-	-	-	-	If this move hits, raise the Defense of the user and its allies' by 1 stage.
775	clangorous-soul	dragon	status	-	100	5	0	user	8	net-good-stats	-	-	-	-	-33	-	100	-	-	attack+1 defense+1 special-attack+1 special-defense+1 speed+1	snatch sound dance	User loses 33% of its Max HP. Raises all of the user’s stats by one stage.
776	body-press	fighting	physical	80	100	10	0	selected-pokemon	8	damage	-	-	-	-	-	-	-	-	-	-	contact protect mirror	Damage is calculated using the user's Defense stat as its Attack, including stat stage changes.
777	decorate	fairy	status	-	-	15	0	selected-pokemon	8	net-good-stats	-	-	-	-	-	-	100	-	-	attack+2 special-attack+2	-	Raise the targets Attack and Special Attack by 2 stages.
778	drum-beating	grass	physical	80	100	10	0	selected-pokemon	8	damage-lower	-	-	-	-	-	-	100	-	-	speed-1	protect mirror	Has a chance to lower the target’s Speed by one stage.
779	snap-trap	grass	physical	35	100	15	0	selected-pokemon	8	damage-ailment	trap	100	-	-	-	-	-	-	5-6	-	contact protect mirror	Prevents the target from fleeing and inflicts damage for 2-5 turns.
780	pyro-ball	fire	physical	120	90	5	0	selected-pokemon	8	damage-ailment	burn	10	-	-	-	-	-	-	-	-	protect mirror defrost ballistics	Has a chance to burn the target.
781	behemoth-blade	steel	physical	100	100	5	0	selected-pokemon	8	damage	-	-	-	-	-	-	-	-	-	-	contact protect mirror	Deals twice the damage if the target is Dynamaxed.
782	behemoth-bash	steel	physical	100	100	5	0	selected-pokemon	8	damage	-	-	-	-	-	-	-	-	-	-	contact protect mirror	Deals twice the damage if the target is Dynamaxed.
783	aura-wheel	electric	physical	110	100	10	0	selected-pokemon	8	damage-raise	-	-	-	-	-	-	100	-	-	speed+1	protect mirror	Raises the user's Speed by 1 stage. In Full Belly Mode, this move is Electric type. In Hangry Mode, this move is Dark type.
784	breaking-swipe	dragon	physical	60	100	15	0	all-opponents	8	damage-lower	-	-	-	-	-	-	100	-	-	attack-1	contact protect mirror	Lowers the target’s Attack by one stage after inflicting damage.
785	branch-poke	grass	physical	40	100	40	0	selected-pokemon	8	damage	-	-	-	-	-	-	-	-	-	-	contact protect mirror	Inflicts regular damage with no additional effect.
786	overdrive	electric	special	80	100	10	0	all-opponents	8	damage	-	-	-	-	-	-	-	-	-	-	protect mirror sound authentic	Inflicts regular damage with no additional effect.
787	apple-acid	grass	special	80	100	10	0	selected-pokemon	8	damage-lower	-	-	-	-	-	-	100	-	-	special-defense-1	protect mirror	Lower the targets Special Defense by 1 stage.
788	grav-apple	grass	physical	80	100	10	0	selected-pokemon	8	damage-lower	-	-	-	-	-	-	100	-	-	defense-1	protect mirror	Lower the targets Defense by 1 stage. Damage is increased by 50% during Gravitys effect.
789	spirit-break	fairy	physical	75	100	15	0	selected-pokemon	8	damage-lower	-	-	-	-	-	-	100	-	-	special-attack-1	contact protect mirror	Has a chance to lower the target’s Special Attack by one stage.
790	strange-steam	fairy	special	90	95	10	0	selected-pokemon	8	damage-ailment	confusion	20	-	-	-	-	-	-	2-5	-	protect mirror	Has a chance to confuse the target.
791	life-dew	water	status	-	-	10	0	user-and-allies	8	heal	-	-	-	-	25	-	-	-	-	-	snatch heal authentic	Each Pokemon on the user's side restores 1/4 of its maximum HP, rounded half up.
792	obstruct	dark	status	-	100	10	4	user	8	unique	-	-	-	-	-	-	-	-	-	-	-	Prevents any moves from hitting the user this turn. If this blocks a contact move, the user has their Defense lowered by 2 stages.
793	false-surrender	dark	physical	80	-	10	0	selected-pokemon	8	damage	-	-	-	-	-	-	-	-	-	-	contact protect mirror	Never misses.
794	meteor-assault	fighting	physical	150	100	5	0	selected-pokemon	8	damage	-	-	-	-	-	-	-	-	-	-	recharge protect mirror	User foregoes its next turn to recharge.
795	eternabeam	dragon	special	160	90	5	0	selected-pokemon	8	damage	-	-	-	-	-	-	-	-	-	-	recharge protect mirror	User foregoes its next turn to recharge.
796	steel-beam	steel	special	140	95	5	0	selected-pokemon	8	damage	-	-	-	-	-	-	-	-	-	-	protect mirror	Inflicts damage, and the user takes damage equal to half of its max HP, rounded up.
797	expanding-force	psychic	special	80	100	10	0	selected-pokemon	8	damage	-	-	-	-	-	-	-	-	-	-	protect mirror	If Psychic Terrain is active and the user is grounded, this move hits all opposing Pokemon and has its power incrased by 50%.
798	steel-roller	steel	physical	130	100	5	0	selected-pokemon	8	damage	-	-	-	-	-	-	-	-	-	-	contact protect mirror	Ends the effect of Electric, Grassy, Misty, or Psychic Terrains. Fails if no Terrain is active.
799	scale-shot	dragon	physical	25	90	20	0	selected-pokemon	8	damage	-	-	-	-	-	-	-	2-5	-	-	protect mirror	Boosts the user’s Speed and lowers their Defense by one stage after inflicting damage two to five times in a row.
800	meteor-beam	rock	special	120	90	10	0	selected-pokemon	8	damage	-	100	-	-	-	-	-	-	-	-	charge protect mirror	Requires a turn to charge before attacking. Raises the users Special Attack by 1 stage after the first turn.
801	shell-side-arm	poison	special	90	100	10	0	selected-pokemon	8	damage-ailment	poison	20	-	-	-	-	-	-	-	-	protect mirror	Has a chance to poison the target. This switches categories between physical and special, depending on which would deal more damage to the target.
802	misty-explosion	fairy	special	100	100	5	0	all-other-pokemon	8	damage	-	-	-	-	-	-	-	-	-	-	protect mirror	If Misty Terrain is active and the user is grounded, this move has its power increased by 50%.
803	grassy-glide	grass	physical	55	100	20	0	selected-pokemon	8	damage	-	-	-	-	-	-	-	-	-	-	contact protect mirror	If Grassy Terrain is active and the user is grounded, this move has has its priority increased by 1.
804	rising-voltage	electric	special	70	100	20	0	selected-pokemon	8	damage	-	-	-	-	-	-	-	-	-	-	protect mirror	If Electric Terrain is active and the user is grounded, this move has has its power doubled.
805	terrain-pulse	normal	special	50	100	10	0	selected-pokemon	8	damage	-	-	-	-	-	-	-	-	-	-	protect mirror pulse	If any terrain is active and the user is grounded, this moves power is doubled and changes type to match that terrains type.
806	skitter-smack	bug	physical	70	90	10	0	selected-pokemon	8	damage-lower	-	-	-	-	-	-	100	-	-	special-attack-1	contact protect mirror	Lowers the target’s Special Attack by one stage.
807	burning-jealousy	fire	special	70	100	5	0	all-opponents	8	damage-ailment	burn	100	-	-	-	-	-	-	-	-	protect mirror	Burns the target if it had a state stage raise this turn.
808	lash-out	dark	physical	75	100	5	0	selected-pokemon	8	damage	-	-	-	-	-	-	-	-	-	-	contact protect mirror	Power doubles if the user had a stat stage lowered this turn.
809	poltergeist	ghost	physical	110	90	5	0	selected-pokemon	8	damage	-	-	-	-	-	-	-	-	-	-	protect mirror	Fails if the target has no held item.
810	corrosive-gas	poison	status	-	100	40	0	all-other-pokemon	8	unique	-	-	-	-	-	-	-	-	-	-	protect reflectable mirror	Target drops its held item.
811	coaching	fighting	status	-	-	10	0	user-and-allies	8	net-good-stats	-	-	-	-	-	-	100	-	-	attack+1 defense+1	authentic	Raises the target's Attack and Defense by 1 stage. Fails if there is no ally adjacent to the user.
812	flip-turn	water	physical	60	100	20	0	selected-pokemon	8	damage	-	-	-	-	-	-	-	-	-	-	contact protect mirror	User must switch out after attacking.
813	triple-axel	ice	physical	20	90	10	0	selected-pokemon	8	damage	-	-	-	-	-	-	-	3	-	-	contact protect mirror	Hits three times, increasing power by 100% with each successful hit.
814	dual-wingbeat	flying	physical	40	90	10	0	selected-pokemon	8	damage	-	-	-	-	-	-	-	2	-	-	contact protect mirror	Hits twice in one turn.
815	scorching-sands	ground	special	70	100	10	0	selected-pokemon	8	damage-ailment	burn	30	-	-	-	-	-	-	-	-	protect mirror defrost	Has a chance to burn the target.
816	jungle-healing	grass	status	-	-	10	0	user-and-allies	8	unique	-	-	-	-	25	-	-	-	-	-	heal authentic	Each Pokemon on the user's side has its status condition healed and restores 1/4 of its maximum HP, rounded up.
817	wicked-blow	dark	physical	75	100	5	0	selected-pokemon	8	damage	-	-	6	-	-	-	-	-	-	-	contact protect mirror punch	Always scores a critical hit.
818	surging-strikes	water	physical	25	100	5	0	selected-pokemon	8	damage	-	-	6	-	-	-	-	3	-	-	contact protect mirror punch	Hits three times. Always scores a critical hit.
819	thunder-cage	electric	special	80	90	15	0	selected-pokemon	8	damage-ailment	trap	100	-	-	-	-	-	-	5-6	-	protect mirror	Prevents the target from fleeing and inflicts damage for 2-5 turns.
820	dragon-energy	dragon	special	150	100	5	0	all-opponents	8	damage	-	-	-	-	-	-	-	-	-	-	protect mirror	Inflicts more damage when the user has more HP remaining, with a maximum of 150 power.
821	freezing-glare	psychic	special	90	100	10	0	selected-pokemon	8	damage-ailment	freeze	10	-	-	-	-	-	-	-	-	protect mirror	Has a chance to freeze the target.
822	fiery-wrath	dark	special	90	100	10	0	all-opponents	8	damage	-	-	-	-	-	20	-	-	-	-	protect mirror	Has a chance to make the target flinch.
823	thunderous-kick	fighting	physical	90	100	10	0	selected-pokemon	8	damage-lower	-	-	-	-	-	-	100	-	-	defense-1	contact protect mirror	Lowers the target’s Defense by one stage after inflicting damage.
824	glacial-lance	ice	physical	120	100	5	0	all-opponents	8	damage	-	-	-	-	-	-	-	-	-	-	protect mirror	Inflicts regular damage with no additional effect.
825	astral-barrage	ghost	special	120	100	5	0	all-opponents	8	damage	-	-	-	-	-	-	-	-	-	-	protect mirror	Inflicts regular damage with no additional effect.
826	eerie-spell	psychic	special	80	100	5	0	selected-pokemon	8	damage	-	-	-	-	-	-	-	-	-	-	protect mirror sound authentic	The target loses 3 PP from the last move it used.
827	dire-claw	poison	physical	80	100	15	0	selected-pokemon	8	-	-	-	-	-	-	-	-	-	-	-	-	-
828	psyshield-bash	psychic	physical	70	90	10	0	selected-pokemon	8	-	-	-	-	-	-	-	-	-	-	-	-	-
829	power-shift	normal	status	0	-	10	0	user	8	-	-	-	-	-	-	-	-	-	-	-	-	-
830	stone-axe	rock	physical	65	90	15	0	selected-pokemon	8	-	-	-	-	-	-	-	-	-	-	-	-	-
831	springtide-storm	fairy	special	100	80	5	0	all-opponents	8	-	-	-	-	-	-	-	-	-	-	-	-	-
832	mystical-power	psychic	special	70	90	10	0	selected-pokemon	8	-	-	-	-	-	-	-	-	-	-	-	-	-
833	raging-fury	fire	physical	120	100	10	0	random-opponent	8	-	-	-	-	-	-	-	-	-	-	-	-	-
834	wave-crash	water	physical	120	100	10	0	selected-pokemon	8	-	-	-	-	-	-	-	-	-	-	-	-	-
835	chloroblast	grass	special	150	95	5	0	selected-pokemon	8	-	-	-	-	-	-	-	-	-	-	-	-	-
836	mountain-gale	ice	physical	100	85	10	0	selected-pokemon	8	-	-	-	-	-	-	-	-	-	-	-	-	-
837	victory-dance	fighting	status	0	-	10	0	user	8	-	-	-	-	-	-	-	-	-	-	-	-	-
838	headlong-rush	ground	physical	120	100	5	0	selected-pokemon	8	-	-	-	-	-	-	-	-	-	-	-	-	-
839	barb-barrage	poison	physical	60	100	10	0	selected-pokemon	8	-	-	-	-	-	-	-	-	-	-	-	-	-
840	esper-wing	psychic	special	80	100	10	0	selected-pokemon	8	-	-	-	-	-	-	-	-	-	-	-	-	-
841	bitter-malice	ghost	special	75	100	10	0	selected-pokemon	8	-	-	-	-	-	-	-	-	-	-	-	-	-
842	shelter	steel	status	0	-	10	0	user	8	-	-	-	-	-	-	-	-	-	-	-	-	-
843	triple-arrows	fighting	physical	90	100	10	0	selected-pokemon	8	-	-	-	-	-	-	-	-	-	-	-	-	-
844	infernal-parade	ghost	special	60	100	15	0	selected-pokemon	8	-	-	-	-	-	-	-	-	-	-	-	-	-
845	ceaseless-edge	dark	physical	65	90	15	0	selected-pokemon	8	-	-	-	-	-	-	-	-	-	-	-	-	-
846	bleakwind-storm	flying	special	100	80	10	0	all-opponents	8	-	-	-	-	-	-	-	-	-	-	-	-	-
847	wildbolt-storm	electric	special	100	80	10	0	all-opponents	8	-	-	-	-	-	-	-	-	-	-	-	-	-
848	sandsear-storm	ground	special	100	80	10	0	all-opponents	8	-	-	-	-	-	-	-	-	-	-	-	-	-
849	lunar-blessing	psychic	status	0	-	5	0	all-allies	8	-	-	-	-	-	-	-	-	-	-	-	-	-
850	take-heart	psychic	status	0	-	10	0	all-allies	8	-	-	-	-	-	-	-	-	-	-	-	-	-
851	tera-blast	normal	special	80	100	10	0	selected-pokemon	9	-	-	-	-	-	-	-	-	-	-	attack-1 special-attack-1	-	-
852	silk-trap	bug	status	0	-	10	4	user	9	-	-	-	-	-	-	-	-	-	-	speed-1	-	-
853	axe-kick	fighting	physical	120	90	10	0	selected-pokemon	9	-	-	-	-	-	-	-	-	-	-	-	-	-
854	last-respects	ghost	physical	50	100	10	0	selected-pokemon	9	-	-	-	-	-	-	-	-	-	-	-	-	-
855	lumina-crash	psychic	special	80	100	10	0	selected-pokemon	9	-	-	-	-	-	-	-	-	-	-	special-defense-2	-	-
856	order-up	dragon	physical	80	100	10	0	selected-pokemon	9	-	-	-	-	-	-	-	-	-	-	-	-	-
857	jet-punch	water	physical	60	100	15	1	selected-pokemon	9	-	-	-	-	-	-	-	-	-	-	-	-	-
858	spicy-extract	grass	status	0	-	15	0	selected-pokemon	9	-	-	-	-	-	-	-	-	-	-	attack+2 defense-2	-	-
859	spin-out	steel	physical	100	100	5	0	selected-pokemon	9	-	-	-	-	-	-	-	-	-	-	speed-2	-	-
860	population-bomb	normal	physical	20	90	10	0	selected-pokemon	9	-	-	-	-	-	-	-	-	-	-	-	-	-
861	ice-spinner	ice	physical	80	100	15	0	selected-pokemon	9	-	-	-	-	-	-	-	-	-	-	-	-	-
862	glaive-rush	dragon	physical	120	100	5	0	selected-pokemon	9	-	-	-	-	-	-	-	-	-	-	-	-	-
863	revival-blessing	normal	status	0	-	1	0	fainting-pokemon	9	-	-	-	-	-	-	-	-	-	-	-	-	-
864	salt-cure	rock	physical	40	100	15	0	selected-pokemon	9	-	-	-	-	-	-	-	-	-	-	-	-	-
865	triple-dive	water	physical	30	95	10	0	selected-pokemon	9	-	-	-	-	-	-	-	-	-	-	-	-	-
866	mortal-spin	poison	physical	30	100	15	0	all-opponents	9	-	-	-	-	-	-	-	-	-	-	-	-	-
867	doodle	normal	status	0	100	10	0	selected-pokemon	9	-	-	-	-	-	-	-	-	-	-	-	-	-
868	fillet-away	normal	status	0	-	10	0	user	9	-	-	-	-	-	-	-	-	-	-	attack+2 special-attack+2 speed+2	-	-
869	kowtow-cleave	dark	physical	85	-	10	0	selected-pokemon	9	-	-	-	-	-	-	-	-	-	-	-	-	-
870	flower-trick	grass	physical	70	-	10	0	selected-pokemon	9	-	-	-	-	-	-	-	-	-	-	-	-	-
871	torch-song	fire	special	80	100	10	0	selected-pokemon	9	-	-	-	-	-	-	-	-	-	-	special-attack+1	-	-
872	aqua-step	water	physical	80	100	10	0	selected-pokemon	9	-	-	-	-	-	-	-	-	-	-	speed+1	-	-
873	raging-bull	normal	physical	90	100	10	0	selected-pokemon	9	-	-	-	-	-	-	-	-	-	-	-	-	-
874	make-it-rain	steel	special	120	100	5	0	all-opponents	9	-	-	-	-	-	-	-	-	-	-	special-attack-1	-	-
875	psyblade	psychic	physical	80	100	15	0	selected-pokemon	9	-	-	-	-	-	-	-	-	-	-	-	-	-
876	hydro-steam	water	special	80	100	15	0	selected-pokemon	9	-	-	-	-	-	-	-	-	-	-	-	-	-
877	ruination	dark	special	1	90	10	0	selected-pokemon	9	-	-	-	-	-	-	-	-	-	-	-	-	-
878	collision-course	fighting	physical	100	100	5	0	selected-pokemon	9	-	-	-	-	-	-	-	-	-	-	-	-	-
879	electro-drift	electric	special	100	100	5	0	selected-pokemon	9	-	-	-	-	-	-	-	-	-	-	-	-	-
880	shed-tail	normal	status	0	-	10	0	user	9	-	-	-	-	-	-	-	-	-	-	-	-	-
881	chilly-reception	ice	status	0	-	10	0	entire-field	9	-	-	-	-	-	-	-	-	-	-	-	-	-
882	tidy-up	normal	status	0	-	10	0	user	9	-	-	-	-	-	-	-	-	-	-	attack+1 speed+1	-	-
883	snowscape	ice	status	0	-	10	0	entire-field	9	-	-	-	-	-	-	-	-	-	-	-	-	-
884	pounce	bug	physical	50	100	20	0	selected-pokemon	9	-	-	-	-	-	-	-	-	-	-	speed-1	-	-
885	trailblaze	grass	physical	50	100	20	0	selected-pokemon	9	-	-	-	-	-	-	-	-	-	-	speed+1	-	-
886	chilling-water	water	special	50	100	20	0	selected-pokemon	9	-	-	-	-	-	-	-	-	-	-	attack-1	-	-
887	hyper-drill	normal	physical	100	100	5	0	selected-pokemon	9	-	-	-	-	-	-	-	-	-	-	-	-	-
888	twin-beam	psychic	special	40	100	10	0	selected-pokemon	9	-	-	-	-	-	-	-	-	-	-	-	-	-
889	rage-fist	ghost	physical	50	100	10	0	selected-pokemon	9	-	-	-	-	-	-	-	-	-	-	-	-	-
890	armor-cannon	fire	special	120	100	5	0	selected-pokemon	9	-	-	-	-	-	-	-	-	-	-	defense-1 special-defense-1	-	-
891	bitter-blade	fire	physical	90	100	10	0	selected-pokemon	9	-	-	-	-	-	-	-	-	-	-	-	-	-
892	double-shock	electric	physical	120	100	5	0	selected-pokemon	9	-	-	-	-	-	-	-	-	-	-	-	-	-
893	gigaton-hammer	steel	physical	160	100	5	0	selected-pokemon	9	-	-	-	-	-	-	-	-	-	-	-	-	-
894	comeuppance	dark	physical	1	100	10	0	specific-move	9	-	-	-	-	-	-	-	-	-	-	-	-	-
895	aqua-cutter	water	physical	70	100	20	0	selected-pokemon	9	-	-	-	-	-	-	-	-	-	-	-	-	-
896	blazing-torque	fire	physical	80	100	10	0	selected-pokemon	9	-	-	-	-	-	-	-	-	-	-	-	-	-
897	wicked-torque	dark	physical	80	100	10	0	selected-pokemon	9	-	-	-	-	-	-	-	-	-	-	-	-	-
898	noxious-torque	poison	physical	100	100	10	0	selected-pokemon	9	-	-	-	-	-	-	-	-	-	-	-	-	-
899	combat-torque	fighting	physical	100	100	10	0	selected-pokemon	9	-	-	-	-	-	-	-	-	-	-	-	-	-
900	magical-torque	fairy	physical	100	100	10	0	selected-pokemon	9	-	-	-	-	-	-	-	-	-	-	-	-	-
901	blood-moon	normal	special	140	100	5	0	selected-pokemon	9	-	-	-	-	-	-	-	-	-	-	-	-	-
902	matcha-gotcha	grass	special	80	90	15	0	selected-pokemon	9	-	-	-	-	-	-	-	-	-	-	-	-	-
903	syrup-bomb	grass	special	60	85	10	0	selected-pokemon	9	unique	-	-	-	-	-	-	100	-	3	speed-1	-	-
904	ivy-cudgel	grass	physical	100	100	10	0	selected-pokemon	9	-	-	-	-	-	-	-	-	-	-	-	-	-
905	electro-shot	electric	special	130	100	10	0	selected-pokemon	9	-	-	-	-	-	-	-	-	-	-	special-attack+1	-	-
906	tera-starstorm	normal	special	120	100	5	0	all-opponents	9	-	-	-	-	-	-	-	-	-	-	-	-	-
907	fickle-beam	dragon	special	80	100	5	0	selected-pokemon	9	-	-	-	-	-	-	-	-	-	-	-	-	-
908	burning-bulwark	fire	status	0	0	10	4	user	9	-	-	-	-	-	-	-	-	-	-	-	-	-
909	thunderclap	electric	special	70	100	5	1	selected-pokemon	9	-	-	-	-	-	-	-	-	-	-	-	-	-
910	mighty-cleave	rock	physical	95	100	5	0	selected-pokemon	9	-	-	-	-	-	-	-	-	-	-	-	-	-
911	tachyon-cutter	steel	special	50	0	10	0	selected-pokemon	9	-	-	-	-	-	-	-	-	-	-	-	-	-
912	hard-press	steel	physical	0	100	10	0	selected-pokemon	9	-	-	-	-	-	-	-	-	-	-	-	-	-
913	dragon-cheer	dragon	status	0	0	15	0	all-allies	9	-	-	-	-	-	-	-	-	-	-	-	-	-
914	alluring-voice	fairy	special	80	100	10	0	selected-pokemon	9	-	-	-	-	-	-	-	-	-	-	-	-	-
915	temper-flare	fire	physical	75	100	10	0	selected-pokemon	9	-	-	-	-	-	-	-	-	-	-	-	-	-
916	supercell-slam	electric	physical	100	95	15	0	selected-pokemon	9	-	-	-	-	-	-	-	-	-	-	-	-	-
917	psychic-noise	psychic	special	75	100	10	0	selected-pokemon	9	-	-	-	-	-	-	-	-	-	-	-	-	-
918	upper-hand	fighting	physical	65	100	15	3	selected-pokemon	9	-	-	-	-	-	-	-	-	-	-	-	-	-
919	malignant-chain	poison	special	100	100	5	0	selected-pokemon	9	-	-	-	-	-	-	-	-	-	-	-	-	-
10001	shadow-rush	shadow	physical	55	100	-	0	selected-pokemon	3	-	-	-	-	-	-	-	-	-	-	-	contact protect	Has an increased chance for a critical hit in Hyper Mode.
10002	shadow-blast	shadow	physical	80	100	-	0	selected-pokemon	3	-	-	-	-	-	-	-	-	-	-	-	protect	Has an increased chance for a critical hit.
10003	shadow-blitz	shadow	physical	40	100	-	0	selected-pokemon	3	-	-	-	-	-	-	-	-	-	-	-	contact protect mirror	Inflicts regular damage with no additional effect.
10004	shadow-bolt	shadow	special	75	100	-	0	selected-pokemon	3	-	-	-	-	-	-	-	-	-	-	-	protect	Has a chance to paralyze the target.
10005	shadow-break	shadow	physical	75	100	-	0	selected-pokemon	3	-	-	-	-	-	-	-	-	-	-	-	contact protect mirror	Inflicts regular damage with no additional effect.
10006	shadow-chill	shadow	special	75	100	-	0	selected-pokemon	3	-	-	-	-	-	-	-	-	-	-	-	protect mirror	Has a chance to freeze the target.
10007	shadow-end	shadow	physical	120	60	-	0	selected-pokemon	3	-	-	-	-	-	-	-	-	-	-	-	contact protect mirror	User receives 1/2 its HP in recoil.
10008	shadow-fire	shadow	special	75	100	-	0	selected-pokemon	3	-	-	-	-	-	-	-	-	-	-	-	protect mirror	Has a chance to burn the target.
10009	shadow-rave	shadow	special	70	100	-	0	opponents-field	3	-	-	-	-	-	-	-	-	-	-	-	protect mirror	Inflicts regular damage with no additional effect.
10010	shadow-storm	shadow	special	95	100	-	0	opponents-field	3	-	-	-	-	-	-	-	-	-	-	-	protect	Inflicts regular damage with no additional effect.
10011	shadow-wave	shadow	special	50	100	-	0	opponents-field	3	-	-	-	-	-	-	-	-	-	-	-	protect	Inflicts regular damage with no additional effect.
10012	shadow-down	shadow	status	-	100	-	0	opponents-field	3	-	-	-	-	-	-	-	-	-	-	-	protect mirror	Lowers the target’s Defense by two stages.
10013	shadow-half	shadow	special	-	100	-	0	entire-field	3	-	-	-	-	-	-	-	-	-	-	-	recharge protect	Halves HP of all Pokémon on the field. Must recharge
10014	shadow-hold	shadow	status	-	-	-	0	opponents-field	3	-	-	-	-	-	-	-	-	-	-	-	protect mirror	Prevents the target from leaving battle.
10015	shadow-mist	shadow	status	-	100	-	0	opponents-field	3	-	-	-	-	-	-	-	-	-	-	-	protect mirror	Lowers the target’s evasion by two stages.
10016	shadow-panic	shadow	status	-	90	-	0	opponents-field	3	-	-	-	-	-	-	-	-	-	-	-	protect mirror sound	Confuses the target.
10017	shadow-shed	shadow	status	-	-	-	0	entire-field	3	-	-	-	-	-	-	-	-	-	-	-	protect	Removes Light Screen, Reflect, and Safeguard.
10018	shadow-sky	shadow	status	-	-	-	0	entire-field	3	-	-	-	-	-	-	-	-	-	-	-	protect	Changes the weather to Shadow Sky for five turns.
