id	nome	bolso	categoria	custo	fling	efeito
1	master-ball	pokeballs	standard-balls	0	-	Catches a wild Pokémon every time.
2	ultra-ball	pokeballs	standard-balls	800	-	Tries to catch a wild Pokémon. Success rate is 2×.
3	great-ball	pokeballs	standard-balls	600	-	Tries to catch a wild Pokémon. Success rate is 1.5×.
4	poke-ball	pokeballs	standard-balls	200	-	Tries to catch a wild Pokémon.
5	safari-ball	pokeballs	standard-balls	0	-	Tries to catch a wild Pokémon in the Great Marsh or Safari Zone. Success rate is 1.5×.
6	net-ball	pokeballs	special-balls	1000	-	Tries to catch a wild Pokémon. Success rate is 3× for water and bug Pokémon.
7	dive-ball	pokeballs	special-balls	1000	-	Tries to catch a wild Pokémon. Success rate is 3.5× when underwater, fishing, or surfing.
8	nest-ball	pokeballs	special-balls	1000	-	Tries to catch a wild Pokémon. Success rate is 3.9× for level 1 Pokémon, and drops steadily to 1× at level 30.
9	repeat-ball	pokeballs	special-balls	1000	-	Tries to catch a wild Pokémon. Success rate is 3× for previously-caught Pokémon.
10	timer-ball	pokeballs	special-balls	1000	-	Tries to catch a wild Pokémon. Success rate increases by 0.1× (Gen V: 0.3×) every turn, to a max of 4×.
11	luxury-ball	pokeballs	special-balls	3000	-	Tries to catch a wild Pokémon. Caught Pokémon start with 200 happiness.
12	premier-ball	pokeballs	special-balls	20	-	Tries to catch a wild Pokémon.
13	dusk-ball	pokeballs	special-balls	1000	-	Tries to catch a wild Pokémon. Success rate is 3.5× at night and in caves.
14	heal-ball	pokeballs	special-balls	300	-	Tries to catch a wild Pokémon. Caught Pokémon are immediately healed.
15	quick-ball	pokeballs	special-balls	1000	-	Tries to catch a wild Pokémon. Success rate is 4× (Gen V: 5×), but only on the first turn.
16	cherish-ball	pokeballs	special-balls	0	-	Tries to catch a wild Pokémon.
17	potion	medicine	healing	200	30	Restores 20 HP.
18	antidote	medicine	status-cures	200	30	Cures poison.
19	burn-heal	medicine	status-cures	200	30	Cures a burn.
20	ice-heal	medicine	status-cures	200	30	Cures freezing.
21	awakening	medicine	status-cures	200	30	Cures sleep.
22	paralyze-heal	medicine	status-cures	200	30	Cures paralysis.
23	full-restore	medicine	healing	3000	30	Restores HP to full and cures any status ailment and confusion.
24	max-potion	medicine	healing	2500	30	Restores HP to full.
25	hyper-potion	medicine	healing	1500	30	Restores 200 HP.
26	super-potion	medicine	healing	700	30	Restores 50 HP.
27	full-heal	medicine	status-cures	400	30	Cures any status ailment and confusion.
28	revive	medicine	revival	2000	30	Revives with half HP.
29	max-revive	medicine	revival	4000	30	Revives with full HP.
30	fresh-water	medicine	healing	200	30	Restores 50 HP.
31	soda-pop	medicine	healing	300	30	Restores 60 HP.
32	lemonade	medicine	healing	400	30	Restores 80 HP.
33	moomoo-milk	medicine	healing	600	30	Restores 100 HP.
34	energy-powder	medicine	healing	500	30	Restores 50 HP, but lowers happiness.
35	energy-root	medicine	healing	1200	30	Restores 200 HP, but lowers happiness.
36	heal-powder	medicine	status-cures	300	30	Cures any status ailment, but lowers happiness.
37	revival-herb	medicine	revival	2800	30	Revives with full HP, but lowers happiness.
38	ether	medicine	pp-recovery	1200	30	Restores 10 PP for one move.
39	max-ether	medicine	pp-recovery	2000	30	Restores PP to full for one move.
40	elixir	medicine	pp-recovery	3000	30	Restores 10 PP for each move.
41	max-elixir	medicine	pp-recovery	4500	30	Restores PP to full for each move.
42	lava-cookie	medicine	status-cures	350	30	Cures any status ailment and confusion.
43	berry-juice	medicine	healing	200	30	Restores 20 HP.
44	sacred-ash	medicine	revival	50000	30	Revives all fainted Pokémon with full HP.
45	hp-up	medicine	vitamins	10000	30	Raises HP effort and happiness.
46	protein	medicine	vitamins	10000	30	Raises Attack effort and happiness.
47	iron	medicine	vitamins	10000	30	Raises Defense effort and happiness.
48	carbos	medicine	vitamins	10000	30	Raises Speed effort and happiness.
49	calcium	medicine	vitamins	10000	30	Raises Special Attack effort and happiness.
50	rare-candy	medicine	vitamins	10000	30	Causes a level-up and raises happiness.
51	pp-up	medicine	vitamins	10000	30	Raises a move’s max PP by 20%.
52	zinc	medicine	vitamins	10000	30	Raises Special Defense and happiness.
53	pp-max	medicine	vitamins	10000	30	Raises a move’s max PP by 60%.
54	old-gateau	medicine	status-cures	350	30	Cures any status ailment and confusion.
55	guard-spec	battle	stat-boosts	1500	30	Prevents stat changes in battle for five turns in battle. Raises happiness.
56	dire-hit	battle	stat-boosts	1000	30	Increases the chance of a critical hit in battle. Raises happiness.
57	x-attack	battle	stat-boosts	1000	30	Raises Attack by one stage in battle. Raises happiness.
58	x-defense	battle	stat-boosts	2000	30	Raises Defense by one stage in battle. Raises happiness.
59	x-speed	battle	stat-boosts	1000	30	Raises Speed by one stage in battle. Raises happiness.
60	x-accuracy	battle	stat-boosts	1000	30	Raises accuracy by one stage in battle. Raises happiness.
61	x-sp-atk	battle	stat-boosts	1000	30	Raises Special Attack by one stage in battle. Raises happiness.
62	x-sp-def	battle	stat-boosts	2000	30	Raises Special Defense by one stage in battle. Raises happiness.
63	poke-doll	misc	spelunking	300	30	Ends a wild battle.
64	fluffy-tail	misc	spelunking	100	30	Ends a wild battle.
65	blue-flute	battle	flutes	20	30	Cures sleep.
66	yellow-flute	battle	flutes	20	30	Cures confusion.
67	red-flute	battle	flutes	20	30	Cures attraction.
68	black-flute	misc	spelunking	20	30	Halves the wild Pokémon encounter rate.
69	white-flute	misc	spelunking	20	30	Doubles the wild Pokémon encounter rate.
70	shoal-salt	misc	collectibles	20	30	No effect. Gen III: Trade four and four Shoal Shells for a Shell Bell.
71	shoal-shell	misc	collectibles	20	30	No effect. Gen III: Trade four and four Shoal Salts for a Shell Bell.
72	red-shard	misc	collectibles	1000	30	No effect. Can be traded for items or moves.
73	blue-shard	misc	collectibles	1000	30	No effect. Can be traded for items or moves.
74	yellow-shard	misc	collectibles	1000	30	No effect. Can be traded for items or moves.
75	green-shard	misc	collectibles	1000	30	No effect. Can be traded for items or moves.
76	super-repel	misc	spelunking	700	30	For 200 steps, prevents wild encounters of level lower than your party’s lead Pokémon.
77	max-repel	misc	spelunking	900	30	For 250 steps, prevents wild encounters of level lower than your party’s lead Pokémon.
78	escape-rope	misc	spelunking	300	30	Transports user to the outside entrance of a cave.
79	repel	misc	spelunking	400	30	For 100 steps, prevents wild encounters of level lower than your party’s lead Pokémon.
80	sun-stone	misc	evolution	3000	30	Evolves a Cottonee into Whimsicott, a Gloom into Bellossom, a Petilil into Lilligant, or a Sunkern into Sunflora.
81	moon-stone	misc	evolution	3000	30	Evolves a Clefairy into Clefable, a Jigglypuff into Wigglytuff, a Munna into Musharna, a Nidorina into Nidoqueen, a Nidorino into Nidoking, or a Skitty into Delcatty.
82	fire-stone	misc	evolution	3000	30	Evolves an Eevee into Flareon, a Growlithe into Arcanine, a Pansear into Simisear, or a Vulpix into Ninetales.
83	thunder-stone	misc	evolution	3000	30	Evolves an Eelektrik into Eelektross, an Eevee into Jolteon, or a Pikachu into Raichu.
84	water-stone	misc	evolution	3000	30	Evolves an Eevee into Vaporeon, a Lombre into Ludicolo, a Panpour into Simipour, a Poliwhirl into Poliwrath, a Shellder into Cloyster, or a Staryu into Starmie.
85	leaf-stone	misc	evolution	3000	30	Evolves an Exeggcute into Exeggutor, a Gloom into Vileplume, a Nuzleaf into Shiftry, a Pansage into Simisage, or a Weepinbell into Victreebel.
86	tiny-mushroom	misc	loot	500	30	Fire Red and Leaf Green: Trade two for prior Level-up moves. Sell for 250 Pokédollars, or to Hungry Maid for 500 Pokédollars.
87	big-mushroom	misc	loot	5000	30	Fire Red and Leaf Green: Trade for prior Level-up moves. Sell for 2500 Pokédollars, or to Hungry Maid for 5000 Pokédollars.
88	pearl	misc	loot	2000	30	Sell for 700 Pokédollars, or to Ore Collector for 1400 Pokédollars.
89	big-pearl	misc	loot	8000	30	Sell for 3750 Pokédollars, or to Ore Collector for 7500 Pokédollars.
90	stardust	misc	loot	3000	30	Sell for 1000 Pokédollars, or to Ore Collector for 2000 Pokédollars.
91	star-piece	misc	loot	12000	30	Platinum: Trade for one of each color Shard. Black and White: Trade for PP Up. Sell for 4900 Pokédollars, or to Ore Collector for 9800 Pokédollars.
92	nugget	misc	loot	10000	30	Sell for 5000 Pokédollars, or to Ore Collector for 10000 Pokédollars.
93	heart-scale	misc	collectibles	100	30	No effect. Can be traded for prior Level-up moves.
94	honey	misc	dex-completion	900	30	Used outside of battle : Immediately triggers a wild Pokémon battle, as long as the trainer is somewhere with wild Pokémon—i.e., in tall grass, in a cave, or surfing. Can be smeared on sweet-smelling trees to attract tree-dwelling Pokémon after six hours.
95	growth-mulch	misc	mulch	200	30	Growing time of berries is reduced, but the soil dries out faster.
96	damp-mulch	misc	mulch	200	30	Growing time of berries is increased, but the soil dries out slower.
97	stable-mulch	misc	mulch	200	30	Berries stay on the plant for longer than their usual time.
98	gooey-mulch	misc	mulch	200	30	Berries regrow from dead plants an increased number of times.
99	root-fossil	misc	dex-completion	7000	100	Can be revived into a Lileep.
100	claw-fossil	misc	dex-completion	7000	100	Can be revived into an Anorith.
101	helix-fossil	misc	dex-completion	7000	100	Can be revived into an Omanyte.
102	dome-fossil	misc	dex-completion	7000	100	Can be revived into a Kabuto.
103	old-amber	misc	dex-completion	10000	100	Can be revived into an Aerodactyl.
104	armor-fossil	misc	dex-completion	7000	100	Can be revived into a Shieldon.
105	skull-fossil	misc	dex-completion	7000	100	Can be revived into a Cranidos.
106	rare-bone	misc	loot	5000	100	Sell for 5000 Pokédollars, or to Bone Man for 10000 Pokédollars.
107	shiny-stone	misc	evolution	3000	80	Evolves a Minccino into Cinccino, a Roselia into Roserade, or a Togetic into Togekiss.
108	dusk-stone	misc	evolution	3000	80	Evolves a Lampent into Chandelure, a Misdreavus into Mismagius, or a Murkrow into Honchkrow.
109	dawn-stone	misc	evolution	3000	80	Evolves a male Kirlia into Gallade or a female Snorunt into Froslass.
110	oval-stone	misc	evolution	2000	80	Level-up during Day on a Happiny: Holder evolves into Chansey.
111	odd-keystone	misc	dex-completion	2100	80	Use on the tower on Route 209 to encounter Spiritomb if you have at least 32 Underground greetings.
112	adamant-orb	misc	species-specific	0	60	Boosts the damage from Dialga’s Dragon-type and Steel-type moves by 20%.
113	lustrous-orb	misc	species-specific	0	60	Boosts the damage from Palkia’s Dragon-type and Water-type moves by 20%.
114	grass-mail	mail	all-mail	50	-	Lets a Trainer write a message and send it via Pokémon trade.
115	flame-mail	mail	all-mail	50	-	Lets a Trainer write a message and send it via Pokémon trade.
116	bubble-mail	mail	all-mail	50	-	Lets a Trainer write a message and send it via Pokémon trade.
117	bloom-mail	mail	all-mail	50	-	Lets a Trainer write a message and send it via Pokémon trade.
118	tunnel-mail	mail	all-mail	50	-	Lets a Trainer write a message and send it via Pokémon trade.
119	steel-mail	mail	all-mail	50	-	Lets a Trainer write a message and send it via Pokémon trade.
120	heart-mail	mail	all-mail	50	-	Lets a Trainer write a message and send it via Pokémon trade.
121	snow-mail	mail	all-mail	50	-	Lets a Trainer write a message and send it via Pokémon trade.
122	space-mail	mail	all-mail	50	-	Lets a Trainer write a message and send it via Pokémon trade.
123	air-mail	mail	all-mail	50	-	Lets a Trainer write a message and send it via Pokémon trade.
124	mosaic-mail	mail	all-mail	50	-	Lets a Trainer write a message and send it via Pokémon trade.
125	brick-mail	mail	all-mail	50	-	Lets a Trainer write a message and send it via Pokémon trade.
126	cheri-berry	berries	medicine	80	10	Held: Consumed when paralyzed to cure paralysis.
127	chesto-berry	berries	medicine	80	10	Held: Consumed when asleep to cure sleep.
128	pecha-berry	berries	medicine	80	10	Held: Consumed when poisoned to cure poison.
129	rawst-berry	berries	medicine	80	10	Held: Consumed when burned to cure a burn.
130	aspear-berry	berries	medicine	80	10	Held: Consumed when frozen to cure frozen.
131	leppa-berry	berries	medicine	80	10	Held: Consumed when a move runs out of PP to restore its PP by 10.
132	oran-berry	berries	medicine	80	10	Held: Consumed at 1/2 max HP to recover 10 HP.
133	persim-berry	berries	medicine	80	10	Held: Consumed when confused to cure confusion.
134	lum-berry	berries	medicine	80	10	Held: Consumed to cure any status condition or confusion.
135	sitrus-berry	berries	medicine	80	10	Held: Consumed at 1/2 max HP to recover 1/4 max HP.
136	figy-berry	berries	picky-healing	80	10	Held: Consumed at 1/2 max HP to restore 1/8 max HP. Confuses Pokémon that dislike spicy flavor.
137	wiki-berry	berries	picky-healing	80	10	Held: Consumed at 1/2 max HP to restore 1/8 max HP. Confuses Pokémon that dislike dry flavor.
138	mago-berry	berries	picky-healing	80	10	Held: Consumed at 1/2 max HP to restore 1/8 max HP. Confuses Pokémon that dislike sweet flavor.
139	aguav-berry	berries	picky-healing	80	10	Held: Consumed at 1/2 max HP to restore 1/8 max HP. Confuses Pokémon that dislike bitter flavor.
140	iapapa-berry	berries	picky-healing	80	10	Held: Consumed at 1/2 max HP to restore 1/8 max HP. Confuses Pokémon that dislike sour flavor.
141	razz-berry	berries	baking-only	200	10	Used for creating PokéBlocks and Poffins.
142	bluk-berry	berries	baking-only	20	10	Used for creating PokéBlocks and Poffins.
143	nanab-berry	berries	baking-only	200	10	Used for creating PokéBlocks and Poffins.
144	wepear-berry	berries	baking-only	20	10	Used for creating PokéBlocks and Poffins.
145	pinap-berry	berries	baking-only	200	10	Used for creating PokéBlocks and Poffins.
146	pomeg-berry	berries	effort-drop	80	10	Drops HP Effort Values by 10 and raises happiness.
147	kelpsy-berry	berries	effort-drop	80	10	Drops Attack Effort Values by 10 and raises happiness.
148	qualot-berry	berries	effort-drop	80	10	Drops Defense Effort Values by 10 and raises happiness.
149	hondew-berry	berries	effort-drop	80	10	Drops Special Attack Effort Values by 10 and raises happiness.
150	grepa-berry	berries	effort-drop	80	10	Drops Special Defense Effort Values by 10 and raises happiness.
151	tamato-berry	berries	effort-drop	80	10	Drops Speed Effort Values by 10 and raises happiness.
152	cornn-berry	berries	baking-only	20	10	Used for creating PokéBlocks and Poffins.
153	magost-berry	berries	baking-only	20	10	Used for creating PokéBlocks and Poffins.
154	rabuta-berry	berries	baking-only	20	10	Used for creating PokéBlocks and Poffins.
155	nomel-berry	berries	baking-only	20	10	Used for creating PokéBlocks and Poffins.
156	spelon-berry	berries	baking-only	20	10	Used for creating PokéBlocks and Poffins.
157	pamtre-berry	berries	baking-only	20	10	Used for creating PokéBlocks and Poffins.
158	watmel-berry	berries	baking-only	20	10	Used for creating PokéBlocks and Poffins.
159	durin-berry	berries	baking-only	20	10	Used for creating PokéBlocks and Poffins.
160	belue-berry	berries	baking-only	20	10	Used for creating PokéBlocks and Poffins.
161	occa-berry	berries	type-protection	80	10	Held: Consumed when struck by a super-effective Fire-type attack to halve the damage.
162	passho-berry	berries	type-protection	80	10	Held: Consumed when struck by a super-effective Water-type attack to halve the damage.
163	wacan-berry	berries	type-protection	80	10	Held: Consumed when struck by a super-effective Electric-type attack to halve the damage.
164	rindo-berry	berries	type-protection	80	10	Held: Consumed when struck by a super-effective Grass-type attack to halve the damage.
165	yache-berry	berries	type-protection	80	10	Held: Consumed when struck by a super-effective Ice-type attack to halve the damage.
166	chople-berry	berries	type-protection	80	10	Held: Consumed when struck by a super-effective Fighting-type attack to halve the damage.
167	kebia-berry	berries	type-protection	80	10	Held: Consumed when struck by a super-effective Poison-type attack to halve the damage.
168	shuca-berry	berries	type-protection	80	10	Held: Consumed when struck by a super-effective Ground-type attack to halve the damage.
169	coba-berry	berries	type-protection	80	10	Held: Consumed when struck by a super-effective Flying-type attack to halve the damage.
170	payapa-berry	berries	type-protection	80	10	Held: Consumed when struck by a super-effective Psychic-type attack to halve the damage.
171	tanga-berry	berries	type-protection	80	10	Held: Consumed when struck by a super-effective Bug-type attack to halve the damage.
172	charti-berry	berries	type-protection	80	10	Held: Consumed when struck by a super-effective Rock-type attack to halve the damage.
173	kasib-berry	berries	type-protection	80	10	Held: Consumed when struck by a super-effective Ghost-type attack to halve the damage.
174	haban-berry	berries	type-protection	80	10	Held: Consumed when struck by a super-effective Dragon-type attack to halve the damage.
175	colbur-berry	berries	type-protection	80	10	Held: Consumed when struck by a super-effective Dark-type attack to halve the damage.
176	babiri-berry	berries	type-protection	80	10	Held: Consumed when struck by a super-effective Steel-type attack to halve the damage.
177	chilan-berry	berries	type-protection	80	10	Held: Consumed when struck by a Normal-type attack to halve the damage.
178	liechi-berry	berries	in-a-pinch	80	10	Held: Consumed at 1/4 max HP to boost Attack.
179	ganlon-berry	berries	in-a-pinch	80	10	Held: Consumed at 1/4 max HP to boost Defense.
180	salac-berry	berries	in-a-pinch	80	10	Held: Consumed at 1/4 max HP to boost Speed.
181	petaya-berry	berries	in-a-pinch	80	10	Held: Consumed at 1/4 max HP to boost Special Attack.
182	apicot-berry	berries	in-a-pinch	80	10	Held: Consumed at 1/4 max HP to boost Special Defense.
183	lansat-berry	berries	in-a-pinch	80	10	Held: Consumed at 1/4 max HP to boost critical hit ratio by two stages.
184	starf-berry	berries	in-a-pinch	80	10	Held: Consumed at 1/4 max HP to boost a random stat by two stages.
185	enigma-berry	berries	other	80	10	Held: Consumed when struck by a super-effective attack to restore 1/4 max HP.
186	micle-berry	berries	in-a-pinch	80	10	Held: Consumed at 1/4 max HP to boost accuracy of next move by 20%. (Gen IV: Perfect accuracy)
187	custap-berry	berries	in-a-pinch	80	10	Held: Consumed at 1/4 max HP when using a move to go first.
188	jaboca-berry	berries	other	80	10	Held: Consumed to deal 1/8 attacker’s max HP when holder is struck by a physical attack.
189	rowap-berry	berries	other	80	10	Held: Consumed to deal 1/8 attacker’s max HP when holder is struck by a special attack.
190	bright-powder	misc	held-items	4000	10	Held: Increases the holder’s evasion by 1/9 (11 1/9%).
191	white-herb	misc	held-items	4000	10	Held: Resets all lowered stats to normal at end of turn. Consumed after use.
192	macho-brace	misc	effort-training	3000	60	Held: Holder gains double effort values from battles, but has halved Speed in battle.
193	exp-share	misc	training	0	-	Held: Half the experience from a battle is split between Pokémon holding this item.
194	quick-claw	misc	held-items	4000	80	Held: Holder has a 3/16 (18.75%) chance to move first.
195	soothe-bell	misc	training	4000	10	Held: Doubles the happiness earned by the holder.
196	mental-herb	misc	held-items	4000	10	Held: Consumed to cure infatuation. Gen V: Also removes Taunt, Encore, Torment, Disable, and Cursed Body.
197	choice-band	misc	choice	4000	10	Held: Increases Attack by 50%, but restricts the holder to only one move.
198	kings-rock	misc	held-items	5000	30	Held: Damaging moves gain a 10% chance to make their target flinch. Traded on a Poliwhirl: Holder evolves into Politoed. Traded on a Slowpoke: Holder evolves into Slowking.
199	silver-powder	misc	type-enhancement	1000	10	Held: Bug-Type moves from holder do 20% more damage.
200	amulet-coin	misc	training	10000	30	Held: Doubles the money earned from a battle. Does not stack with Luck Incense.
201	cleanse-tag	misc	training	5000	30	Prevents wild encounters of level lower than your party’s lead Pokémon.
202	soul-dew	misc	species-specific	0	30	Raises Latias and Latios’s Special Attack and Special Defense by 50%.
203	deep-sea-tooth	misc	species-specific	2000	90	Doubles Clamperl’s Special Attack. Traded on a Clamperl: Holder evolves into Huntail.
204	deep-sea-scale	misc	species-specific	2000	30	Doubles Clamperl’s Special Defense. Traded on a Clamperl: Holder evolves into Gorebyss.
205	smoke-ball	misc	held-items	4000	30	Held: Allows the Holder to escape from any wild battle.
206	everstone	misc	training	3000	30	Held: Prevents level-based evolution from occuring.
207	focus-band	misc	held-items	4000	10	Held: Holder has 10% chance to survive attacks or self-inflicted damage at 1 HP.
208	lucky-egg	misc	training	10000	30	Held: Increases EXP earned in battle by 50%.
209	scope-lens	misc	held-items	4000	30	Held: Raises the holder’s critical hit ratio by one stage.
210	metal-coat	misc	type-enhancement	2000	30	Held: Steel-Type moves from holder do 20% more damage.
211	leftovers	misc	held-items	4000	10	Held: Restores 1/16 (6.25%) holder’s max HP at the end of each turn.
212	dragon-scale	misc	evolution	2000	30	Traded on a Seadra: Holder evolves into Kingdra.
213	light-ball	misc	species-specific	1000	30	Doubles Pikachu’s Attack and Special Attack. Breed on Pikachu or Raichu: Pichu Egg will have Volt Tackle.
214	soft-sand	misc	type-enhancement	1000	10	Held: Ground-Type moves from holder do 20% more damage.
215	hard-stone	misc	type-enhancement	1000	100	Held: Rock-Type moves from holder do 20% more damage.
216	miracle-seed	misc	type-enhancement	1000	30	Held: Grass-Type moves from holder do 20% more damage.
217	black-glasses	misc	type-enhancement	1000	30	Held: Dark-Type moves from holder do 20% more damage.
218	black-belt	misc	type-enhancement	1000	30	Held: Fighting-Type moves from holder do 20% more damage.
219	magnet	misc	type-enhancement	1000	30	Held: Electric-Type moves from holder do 20% more damage.
220	mystic-water	misc	type-enhancement	1000	30	Held: Water-Type moves from holder do 20% more damage.
221	sharp-beak	misc	type-enhancement	1000	50	Held: Flying-Type moves from holder do 20% more damage.
222	poison-barb	misc	type-enhancement	1000	70	Held: Poison-Type moves from holder do 20% more damage.
223	never-melt-ice	misc	type-enhancement	1000	30	Held: Ice-Type moves from holder do 20% more damage.
224	spell-tag	misc	type-enhancement	1000	30	Held: Ghost-Type moves from holder do 20% more damage.
225	twisted-spoon	misc	type-enhancement	1000	30	Held: Psychic-Type moves from holder do 20% more damage.
226	charcoal	misc	type-enhancement	1000	30	Held: Fire-Type moves from holder do 20% more damage.
227	dragon-fang	misc	type-enhancement	1000	70	Held: Dragon-Type moves from holder do 20% more damage.
228	silk-scarf	misc	type-enhancement	1000	10	Held: Normal-Type moves from holder do 20% more damage.
229	up-grade	misc	evolution	2000	30	Traded on a Porygon: Holder evolves into Porygon2.
230	shell-bell	misc	held-items	4000	30	Held: Holder receives 1/8 of the damage it deals when attacking.
231	sea-incense	misc	type-enhancement	2000	10	Held: Water-Type moves from holder do 20% more damage. Breeding: Marill or Azumarill beget an Azurill Egg.
232	lax-incense	misc	held-items	5000	10	Held: Holder’s evasion is increased by 5%. Breeding: Wobbuffet begets a Wynaut Egg.
233	lucky-punch	misc	species-specific	1000	40	Raises Chansey’s critical hit ratio by two stages.
234	metal-powder	misc	species-specific	1000	10	Raises Ditto’s Defense and Special Defense by 50%. The boost is lost after transforming.
235	thick-club	misc	species-specific	1000	90	Doubles Cubone or Marowak’s Attack.
236	stick	misc	species-specific	1000	60	Raises Farfetch’d’s critical hit ratio by two stages.
237	red-scarf	misc	scarves	100	10	Raises the holder’s Coolness while in a contest.
238	blue-scarf	misc	scarves	100	10	Raises the holder’s Beauty while in a contest.
239	pink-scarf	misc	scarves	100	10	Raises the holder’s Cuteness while in a contest.
240	green-scarf	misc	scarves	100	10	Raises the holder’s Smartness while in a contest.
241	yellow-scarf	misc	scarves	100	10	Raises the holder’s Toughness while in a contest.
242	wide-lens	misc	held-items	4000	10	Held: Provides a 1/10 (10%) boost in accuracy to the holder.
243	muscle-band	misc	held-items	4000	10	Held: Boosts the damage of physical moves used by the holder by 10%.
244	wise-glasses	misc	held-items	4000	10	Held: Boosts the damage of special moves used by the holder by 1/10 (10%).
245	expert-belt	misc	held-items	4000	10	Held: Holder’s Super Effective moves do 20% extra damage.
246	light-clay	misc	held-items	4000	30	Held: Light Screen and Reflect used by the holder last 8 rounds instead of 5.
247	life-orb	misc	held-items	4000	30	Held: Holder’s moves inflict 30% extra damage, but cost 10% max HP.
248	power-herb	misc	held-items	4000	10	Held: Both turns of a two-turn charge move happen at once. Consumed upon use.
249	toxic-orb	misc	bad-held-items	4000	30	Held: Inflicts Toxic on the holder at the end of the turn. Activates after Poison damage would occur.
250	flame-orb	misc	bad-held-items	4000	30	Held: Inflicts Burn on the holder at the end of the turn. Activates after Burn damage would occur.
251	quick-powder	misc	species-specific	1000	10	Doubles Ditto’s Speed when held. The boost is lost after transforming.
252	focus-sash	misc	held-items	4000	10	Held: Holder survives any single-hit attack at 1 HP if at max HP, then the item is consumed.
253	zoom-lens	misc	held-items	4000	10	Held: Provides a 1/5 (20%) boost in accuracy if the holder moves after the target.
254	metronome	misc	held-items	4000	30	Held: Consectutive uses of the same attack have a cumulative damage boost of 10%. Maximum 100% boost.
255	iron-ball	misc	bad-held-items	4000	130	Held: Holder’s Speed is halved. Negates all Ground-type immunities, and makes Flying-types take neutral damage from Ground-type moves. Arena Trap. Spikes, and Toxic Spikes affect the holder.
256	lagging-tail	misc	bad-held-items	4000	10	Held: Holder moves last in its priority bracket.
257	destiny-knot	misc	held-items	4000	10	Held: Infatuates opposing Pokémon when holder is inflicted with infatuation.
258	black-sludge	misc	held-items	4000	30	Held: Poison-type holder recovers 1/16 (6.25%) max HP each turn. Non-Poison-Types take 1/8 (12.5%) max HP damage.
259	icy-rock	misc	held-items	4000	40	Held: Hail by the holder lasts 8 rounds instead of 5.
260	smooth-rock	misc	held-items	4000	10	Held: Sandstorm by the holder lasts 8 rounds instead of 5.
261	heat-rock	misc	held-items	4000	60	Held: Sunny Day by the holder lasts 8 rounds instead of 5.
262	damp-rock	misc	held-items	4000	60	Held: Rain Dance by the holder lasts 8 rounds instead of 5.
263	grip-claw	misc	held-items	4000	90	Held: Holder’s multi-turn trapping moves last 5 turns.
264	choice-scarf	misc	choice	4000	10	Held: Increases Speed by 50%, but restricts the holder to only one move.
265	sticky-barb	misc	bad-held-items	4000	80	Held: Holder takes 1/8 (12.5%) its max HP at the end of each turn. When the holder is hit by a contact move, the attacking Pokémon takes 1/8 its max HP in damage and receive the item if not holding one.
266	power-bracer	misc	effort-training	3000	70	Held: Holder gains 4 Attack effort values, but has halved Speed in battle.
267	power-belt	misc	effort-training	3000	70	Held: Holder gains 4 Defense effort values, but has halved Speed in battle.
268	power-lens	misc	effort-training	3000	70	Held: Holder gains 4 Special Attack effort values, but has halved Speed in battle.
269	power-band	misc	effort-training	3000	70	Held: Holder gains 4 Special Defense effort values, but has halved Speed in battle.
270	power-anklet	misc	effort-training	3000	70	Held: Holder gains 4 Speed effort values, but has halved Speed in battle.
271	power-weight	misc	effort-training	3000	70	Held: Holder gains 4 HP effort values, but has halved Speed in battle.
272	shed-shell	misc	held-items	4000	10	Held: Holder can bypass all trapping effects and switch out. Multi-turn moves still cannot be switched out of.
273	big-root	misc	held-items	4000	10	Held: Increases HP recovered from draining moves, Ingrain, and Aqua Ring by 3/10 (30%).
274	choice-specs	misc	choice	4000	10	Held: Increases Special Attack by 50%, but restricts the holder to only one move.
275	flame-plate	misc	plates	1000	90	Held: Fire-Type moves from holder do 20% more damage. Changes Arceus’s and Judgment’s type to Fire.
276	splash-plate	misc	plates	1000	90	Held: Water-Type moves from holder do 20% more damage. Changes Arceus’s and Judgment’s type to Water.
277	zap-plate	misc	plates	1000	90	Held: Electric-Type moves from holder do 20% more damage. Changes Arceus’s and Judgment’s type to Electric.
278	meadow-plate	misc	plates	1000	90	Held: Grass-Type moves from holder do 20% more damage. Changes Arceus’s and Judgment’s type to Grass.
279	icicle-plate	misc	plates	1000	90	Held: Ice-Type moves from holder do 20% more damage. Changes Arceus’s and Judgment’s type to Ice.
280	fist-plate	misc	plates	1000	90	Held: Fighting-Type moves from holder do 20% more damage. Changes Arceus’s and Judgment’s type to Fighting.
281	toxic-plate	misc	plates	1000	90	Held: Poison-Type moves from holder do 20% more damage. Changes Arceus’s and Judgment’s type to Poison.
282	earth-plate	misc	plates	1000	90	Held: Ground-Type moves from holder do 20% more damage. Changes Arceus’s and Judgment’s type to Ground.
283	sky-plate	misc	plates	1000	90	Held: Flying-Type moves from holder do 20% more damage. Changes Arceus’s and Judgment’s type to Flying.
284	mind-plate	misc	plates	1000	90	Held: Psychic-Type moves from holder do 20% more damage. Changes Arceus’s and Judgment’s type to Psychic.
285	insect-plate	misc	plates	1000	90	Held: Bug-Type moves from holder do 20% more damage. Changes Arceus’s and Judgment’s type to Bug.
286	stone-plate	misc	plates	1000	90	Held: Rock-Type moves from holder do 20% more damage. Changes Arceus’s and Judgment’s type to Rock.
287	spooky-plate	misc	plates	1000	90	Held: Ghost-Type moves from holder do 20% more damage. Changes Arceus’s and Judgment’s type to Ghost.
288	draco-plate	misc	plates	1000	90	Held: Dragon-Type moves from holder do 20% more damage. Changes Arceus’s and Judgment’s type to Dragon.
289	dread-plate	misc	plates	1000	90	Held: Dark-Type moves from holder do 20% more damage. Changes Arceus’s and Judgment’s type to Dark.
290	iron-plate	misc	plates	1000	90	Held: Steel-Type moves from holder do 20% more damage. Changes Arceus’s and Judgment’s type to Steel.
291	odd-incense	misc	type-enhancement	2000	10	Held: Psychic-Type moves from holder do 20% more damage. Breeding: Mr. Mime begets a Mime Jr. Egg.
292	rock-incense	misc	type-enhancement	2000	10	Held: Rock-Type moves from holder do 20% more damage. Breeding: Sudowoodo begets a Bonsly Egg.
293	full-incense	misc	bad-held-items	5000	10	Held: Holder moves last in its priority bracket. Breeding: Snorlax begets a Munchlax Egg.
294	wave-incense	misc	type-enhancement	2000	10	Held: Water-Type moves from holder do 20% more damage. Breeding: Mantine begets a Mantyke Egg.
295	rose-incense	misc	type-enhancement	2000	10	Held: Grass-Type moves from holder do 20% more damage. Breeding: Roselia or Roserade beget a Budew Egg.
296	luck-incense	misc	training	11000	10	Held: Doubles the money earned from a battle. Does not stack with Amulet Coin. Breeding: Chansey and Blissey beget a Happiny Egg.
297	pure-incense	misc	training	6000	10	Prevents wild encounters of level lower than your party’s lead Pokémon. Breeding: Chimecho begets a Chingling Egg.
298	protector	misc	evolution	2000	80	Traded on a Rhydon: Holder evolves into Rhyperior.
299	electirizer	misc	evolution	2000	80	Traded on an Electabuzz: Holder evolves into Electivire.
300	magmarizer	misc	evolution	2000	80	Traded on a Magmar: Holder evolves into Magmortar.
301	dubious-disc	misc	evolution	2000	50	Traded on a Porygon2: Holder evolves into Porygon-Z.
302	reaper-cloth	misc	evolution	2000	10	Traded on a Dusclops: Holder evolves into Dusknoir.
303	razor-claw	misc	held-items	5000	80	Held: Raises the holder’s critical hit ratio by one stage. Held by a Sneasel while levelling up at night: Holder evolves into Weavile.
304	razor-fang	misc	held-items	5000	30	Held: Damaging moves gain a 10% chance to make their target flinch. Held by a Gligar while levelling up: Holder evolves into Gliscor.
305	tm01	machines	all-machines	40000	-	Teaches Hone Claws to a compatible Pokémon. (Gen IV & III: Focus Punch Gen II: DynamicPunch Gen I: Mega Punch)
306	tm02	machines	all-machines	1000	-	Teaches Dragon Claw to a compatible Pokémon. (Gen II: Headbutt Gen I: Razor Wind)
307	tm03	machines	all-machines	50000	-	Teaches Psyshock to a compatible Pokémon. (Gen IV & III: Water Pulse Gen II: Curse Gen I: Swords Dance)
308	tm04	machines	all-machines	50000	-	Teaches Calm Mind to a compatible Pokémon. (Gen II: Rollout Gen I: Whirlwind)
309	tm05	machines	all-machines	50000	-	Teaches Roar to a compatible Pokémon. (Gen I: Mega Kick)
310	tm06	machines	all-machines	1000	-	Teaches Toxic to a compatible Pokémon.
311	tm07	machines	all-machines	1000	-	Teaches Hail to a compatible Pokémon. (Gen II: Zap Cannon Gen I: Horn Drill)
312	tm08	machines	all-machines	50000	-	Teaches Bulk Up to a compatible Pokémon. (Gen II: Rock Smash Gen I: Body Slam)
313	tm09	machines	all-machines	50000	-	Teaches Venoshock to a compatible Pokémon. (Gen IV & III: Bullet Seed Gen II: Psych Up Gen I: Take Down)
314	tm10	machines	all-machines	1000	-	Teaches Hidden Power to a compatible Pokémon. (Gen I: Double-Edge)
315	tm11	machines	all-machines	1000	-	Teaches Sunny Day to a compatible Pokémon. (Gen I: BubbleBeam)
316	tm12	machines	all-machines	50000	-	Teaches Taunt to a compatible Pokémon. (Gen II: Sweet Scent Gen I: Water Gun)
317	tm13	machines	all-machines	10000	-	Teaches Ice Beam to a compatible Pokémon. (Gen II: Snore)
318	tm14	machines	all-machines	1000	-	Teaches Blizzard to a compatible Pokémon.
319	tm15	machines	all-machines	1000	-	Teaches Hyper Beam to a compatible Pokémon.
320	tm16	machines	all-machines	1000	-	Teaches Light Screen to a compatible Pokémon. (Gen II: Icy Wind Gen I: Pay Day)
321	tm17	machines	all-machines	10000	-	Teaches Protect to a compatible Pokémon. (Gen I: Submission)
322	tm18	machines	all-machines	10000	-	Teaches Rain Dance to a compatible Pokémon. (Gen I: Counter)
323	tm19	machines	all-machines	10000	-	Teaches Telekinesis to a compatible Pokémon. (Gen IV & III & II: Giga Drain Gen I: Seismic Toss)
324	tm20	machines	all-machines	100000	-	Teaches Safeguard to a compatible Pokémon. (Gen II: Endure Gen I: Rage)
325	tm21	machines	all-machines	1000	-	Teaches Frustration to a compatible Pokémon. (Gen I: Mega Drain)
326	tm22	machines	all-machines	1000	-	Teaches SolarBeam to a compatible Pokémon.
327	tm23	machines	all-machines	10000	-	Teaches Smack Down to a compatible Pokémon. (Gen IV & III & II: Iron Tail Gen I: Dragon Rage)
328	tm24	machines	all-machines	1000	-	Teaches Thunderbolt to a compatible Pokémon. (Gen II: DragonBreath)
329	tm25	machines	all-machines	10000	-	Teaches Thunder to a compatible Pokémon.
330	tm26	machines	all-machines	1000	-	Teaches Earthquake to a compatible Pokémon.
331	tm27	machines	all-machines	1000	-	Teaches Return to a compatible Pokémon. (Gen I: Fissure)
332	tm28	machines	all-machines	100000	-	Teaches Dig to a compatible Pokémon.
333	tm29	machines	all-machines	1000	-	Teaches Psychic to a compatible Pokémon.
334	tm30	machines	all-machines	1000	-	Teaches Shadow Ball to a compatible Pokémon. (Gen I: Teleport)
335	tm31	machines	all-machines	1000	-	Teaches Brick Break to a compatible Pokémon. (Gen II: Mud-Slap Gen I: Mimic)
336	tm32	machines	all-machines	10000	-	Teaches Double Team to a compatible Pokémon.
337	tm33	machines	all-machines	10000	-	Teaches Reflect to a compatible Pokémon. (Gen II: Ice Punch)
338	tm34	machines	all-machines	10000	-	Teaches Sludge Wave to a compatible Pokémon. (Gen IV & III: Shock Wave Gen II: Swagger Gen I: Bide)
339	tm35	machines	all-machines	10000	-	Teaches Flamethrower to a compatible Pokémon. (Gen II: Sleep Talk Gen I: Metronome)
340	tm36	machines	all-machines	1000	-	Teaches Sludge Bomb to a compatible Pokémon. (Gen I: Selfdestruct)
341	tm37	machines	all-machines	1000	-	Teaches Sandstorm to a compatible Pokémon. (Gen I: Egg Bomb)
342	tm38	machines	all-machines	1000	-	Teaches Fire Blast to a compatible Pokémon.
343	tm39	machines	all-machines	1000	-	Teaches Rock Tomb to a compatible Pokémon. (Gen II & I: Swift)
344	tm40	machines	all-machines	1000	-	Teaches Aerial Ace to a compatible Pokémon. (Gen II: Defense Curl Gen I: Skull Bash)
345	tm41	machines	all-machines	10000	-	Teaches Torment to a compatible Pokémon. (Gen II: ThunderPunch Gen I: Softboiled)
346	tm42	machines	all-machines	1000	-	Teaches Facade to a compatible Pokémon. (Gen II & I: Dream Eater)
347	tm43	machines	all-machines	1000	-	Teaches Flame Charge to a compatible Pokémon. (Gen IV & III: Secret Power Gen II: Detect Gen I: Sky Attack)
348	tm44	machines	all-machines	100000	-	Teaches Rest to a compatible Pokémon.
349	tm45	machines	all-machines	1000	-	Teaches Attract to a compatible Pokémon. (Gen I: Thunder Wave)
350	tm46	machines	all-machines	30000	-	Teaches Thief to a compatible Pokémon. (Gen I: Psywave)
351	tm47	machines	all-machines	1000	-	Teaches Low Sweep to a compatible Pokémon. (Gen IV & III & II: Steel Wing Gen I: Explosion)
352	tm48	machines	all-machines	1000	-	Teaches Round to a compatible Pokémon. (Gen IV & III: Skill Swap Gen II: Fire Punch Gen I: Rock Slide)
353	tm49	machines	all-machines	1000	-	Teaches Echoed Voice to a compatible Pokémon. (Gen IV & III: Snatch Gen II: Fury Cutter Gen I: Tri Attack)
354	tm50	machines	all-machines	10000	-	Teaches Overheat to a compatible Pokémon. (Gen II: Nightmare Gen I: Substitute)
355	tm51	machines	all-machines	1000	-	Teaches Ally Switch to a compatible Pokémon. (Gen IV: Roost)
356	tm52	machines	all-machines	100000	-	Teaches Focus Blast to a compatible Pokémon.
357	tm53	machines	all-machines	1000	-	Teaches Energy Ball to a compatible Pokémon.
358	tm54	machines	all-machines	1000	-	Teaches False Swipe to a compatible Pokémon.
359	tm55	machines	all-machines	10000	-	Teaches Scald to a compatible Pokémon. (Gen IV: Brine)
360	tm56	machines	all-machines	1000	-	Teaches Fling to a compatible Pokémon.
361	tm57	machines	all-machines	1000	-	Teaches Charge Beam to a compatible Pokémon.
362	tm58	machines	all-machines	1000	-	Teaches Sky Drop to a compatible Pokémon. (Gen IV: Endure)
363	tm59	machines	all-machines	100000	-	Teaches Incinerate to a compatible Pokémon. (Gen IV: Dragon Pulse)
364	tm60	machines	all-machines	30000	-	Teaches Quash to a compatible Pokémon. (Gen IV: Drain Punch)
365	tm61	machines	all-machines	30000	-	Teaches Will-O-Wisp to a compatible Pokémon.
366	tm62	machines	all-machines	30000	-	Teaches Acrobatics to a compatible Pokémon. (Gen IV: Silver Wind)
367	tm63	machines	all-machines	50000	-	Teaches Embargo to a compatible Pokémon.
368	tm64	machines	all-machines	1000	-	Teaches Explosion to a compatible Pokémon.
369	tm65	machines	all-machines	1000	-	Teaches Shadow Claw to a compatible Pokémon.
370	tm66	machines	all-machines	30000	-	Teaches Payback to a compatible Pokémon.
371	tm67	machines	all-machines	30000	-	Teaches Retaliate to a compatible Pokémon. (Gen IV: Recycle)
372	tm68	machines	all-machines	30000	-	Teaches Giga Impact to a compatible Pokémon.
373	tm69	machines	all-machines	1000	-	Teaches Rock Polish to a compatible Pokémon.
374	tm70	machines	all-machines	50000	-	Teaches Flash to a compatible Pokémon.
375	tm71	machines	all-machines	50000	-	Teaches Stone Edge to a compatible Pokémon.
376	tm72	machines	all-machines	50000	-	Teaches Volt Switch to a compatible Pokémon. (Gen IV: Avalanche)
377	tm73	machines	all-machines	1000	-	Teaches Thunder Wave to a compatible Pokémon.
378	tm74	machines	all-machines	1000	-	Teaches Gyro Ball to a compatible Pokémon.
379	tm75	machines	all-machines	1000	-	Teaches Swords Dance to a compatible Pokémon.
380	tm76	machines	all-machines	10000	-	Teaches Struggle Bug to a compatible Pokémon. (Gen IV: Stealth Rock)
381	tm77	machines	all-machines	1000	-	Teaches Psych Up to a compatible Pokémon.
382	tm78	machines	all-machines	1000	-	Teaches Bulldoze to a compatible Pokémon. (Gen IV: Captivate)
383	tm79	machines	all-machines	1000	-	Teaches Frost Breath to a compatible Pokémon. (Gen IV: Dark Pulse)
384	tm80	machines	all-machines	1000	-	Teaches Rock Slide to a compatible Pokémon.
385	tm81	machines	all-machines	1000	-	Teaches X-Scissor to a compatible Pokémon.
386	tm82	machines	all-machines	1000	-	Teaches Dragon Tail to a compatible Pokémon. (Gen IV: Sleep Talk)
387	tm83	machines	all-machines	100000	-	Teaches Work Up to a compatible Pokémon. (Gen IV: Natural Gift)
388	tm84	machines	all-machines	1000	-	Teaches Poison Jab to a compatible Pokémon.
389	tm85	machines	all-machines	1000	-	Teaches Dream Eater to a compatible Pokémon.
390	tm86	machines	all-machines	1000	-	Teaches Grass Knot to a compatible Pokémon.
391	tm87	machines	all-machines	1000	-	Teaches Swagger to a compatible Pokémon.
392	tm88	machines	all-machines	20000	-	Teaches Pluck to a compatible Pokémon.
393	tm89	machines	all-machines	20000	-	Teaches U-turn to a compatible Pokémon.
394	tm90	machines	all-machines	20000	-	Teaches Substitute to a compatible Pokémon.
395	tm91	machines	all-machines	20000	-	Teaches Flash Cannon to a compatible Pokémon.
396	tm92	machines	all-machines	100000	-	Teaches Trick Room to a compatible Pokémon.
397	hm01	machines	all-machines	0	-	Teaches Cut to a compatible Pokémon.
398	hm02	machines	all-machines	0	-	Teaches Fly to a compatible Pokémon.
399	hm03	machines	all-machines	0	-	Teaches Surf to a compatible Pokémon.
400	hm04	machines	all-machines	0	-	Teaches Strength to a compatible Pokémon.
401	hm05	machines	all-machines	0	-	Teaches Waterfall to a compatible Pokémon. (HS: Whirlpool DPP: Defog Gen III & II & I: Flash)
402	hm06	machines	all-machines	0	-	Teaches Dive to a compatible Pokémon. (Gen IV & III: Rock Smash Gen II: Whirlpool)
403	hm07	machines	all-machines	0	-	Teaches a move to a compatible Pokémon. (Gen IV & III & II: Waterfall)
404	hm08	machines	all-machines	0	-	Teaches a move to a compatible Pokémon. (Gen IV: Rock Climb Gen III: Dive)
405	explorer-kit	key	gameplay	0	-	Allows visiting the Underground.
406	loot-sack	key	unused	0	-	Carries coal mine loot.
407	rule-book	key	unused	0	-	List of battle types and their rules.
408	poke-radar	key	gameplay	0	-	Use to track down rare or shiny Pokémon. 50 steps to recharge.
409	point-card	key	gameplay	0	-	Keeps count of Battle Points earned.
410	journal	key	gameplay	0	-	Records prior significant activities the player took.
411	seal-case	key	gameplay	0	-	Stores Seals that can be applied to Poké Ball capsules.
412	fashion-case	key	gameplay	0	-	Holds Pokémon Accessories for use in Contests.
413	seal-bag	key	unused	0	-	Holds ten Seals for Poké Balls.
414	pal-pad	key	gameplay	0	-	Use to record Friend Codes and check your own.
415	works-key	key	plot-advancement	0	-	Grants access to Valley Windworks.
416	old-charm	key	plot-advancement	0	-	Trade to Cynthia’s grandmother in Celestic Town for HM04 (Surf).
417	galactic-key	key	plot-advancement	0	-	Grants access to Galactic HQ in Veilstone City.
418	red-chain	key	unused	0	-	Used to bind Palkia and Dialga.
419	town-map	key	gameplay	0	-	Use to see the overworld map.
420	vs-seeker	key	gameplay	0	-	Allows rebattling of on-screen trainers. 100 steps to recharge.
421	coin-case	key	gameplay	0	-	Holds coins for the Game Corner.
422	old-rod	key	gameplay	0	-	Used to catch Pokémon in bodies of water.
423	good-rod	key	gameplay	0	-	Used to catch Pokémon in bodies of water.
424	super-rod	key	gameplay	0	-	Used to catch Pokémon in bodies of water.
425	sprayduck	key	gameplay	0	-	Used to water berries.
426	poffin-case	key	gameplay	0	-	Holds Poffins.
427	bicycle	key	gameplay	0	-	Use for fast transit.
428	suite-key	key	event-items	0	-	Opens a locked building in the Lakeside Resort.
429	oaks-letter	key	event-items	0	-	Allows access to Seabreak path, Flower Paradise, and Shaymin.
430	lunar-wing	key	event-items	0	-	Cures sailor’s son of nightmares in Canalave City.
431	member-card	key	event-items	0	-	Allows access to Newmoon Island and Darkrai.
432	azure-flute	key	event-items	0	-	Allows entry into the Hall of Origin. Unreleased.
433	ss-ticket	key	plot-advancement	0	-	Ticket for a ship. (RSE: S.S. Tidal LF: S.S. Anne HG: S.S. Aqua)
434	contest-pass	key	gameplay	0	-	Allows participation in Pokémon Contests.
435	magma-stone	key	plot-advancement	0	-	Magma is sealed inside.
436	parcel	key	plot-advancement	0	-	Given to the trainer’s rival in Jubilife City. Contains Town Maps.
437	coupon-1	key	plot-advancement	0	-	The first of three tickets used to obtain a Pokétch.
438	coupon-2	key	plot-advancement	0	-	The second of three tickets used to obtain a Pokétch.
439	coupon-3	key	plot-advancement	0	-	The last of three tickets used to obtain a Pokétch.
440	storage-key	key	plot-advancement	0	-	Grants access to the Team Galactic warehouse in Veilstone City.
441	secret-potion	key	plot-advancement	0	-	Used to heal the Ampharos at the top of Olivine Lighthouse.
442	griseous-orb	misc	species-specific	0	60	Boosts the damage from Giratina’s Dragon-type and Ghost-type moves by 20%, and transforms it into Origin Forme.
443	vs-recorder	key	gameplay	0	-	Records wireless, Wi-Fi, or Battle Frontier battles, and stores points.
444	gracidea	key	event-items	0	-	Changes an unfrozen Shaymin to Sky Forme in the day.
445	secret-key	key	event-items	0	-	Gen IV: The key to Rotom’s appliance room. Gen III: The key to Cinnabar Gym.
446	apricorn-box	key	gameplay	0	-	Holds Apricorns.
447	berry-pots	key	gameplay	0	-	Allows portable berry growing.
448	squirt-bottle	key	plot-advancement	0	-	Use on Sudowoodo blocking the path on Route 36. Also waters berries.
449	lure-ball	pokeballs	apricorn-balls	0	-	3× effectiveness while fishing. Made from Blu Apricorn.
450	level-ball	pokeballs	apricorn-balls	0	-	Success rate based off of fraction target Pokémon is of user’s Pokémon. Made from Red Apricorn.
451	moon-ball	pokeballs	apricorn-balls	0	-	4× effectiveness on familes of Pokémon with a Moon Stone evolution. Made from Ylw Apricorn.
452	heavy-ball	pokeballs	apricorn-balls	0	-	Has flat bonus or penalty to catch rate depending on weight class of target. Made from Blk Apricorn.
453	fast-ball	pokeballs	apricorn-balls	0	-	4× effectiveness on Pokémon with 100 or greater base speed. (Gen II: Roaming or Fleeing Pokémon). Made from Wht Apricorn.
454	friend-ball	pokeballs	apricorn-balls	0	-	Caught Pokémon start with 200 happiness. Made from Grn Apricorn.
455	love-ball	pokeballs	apricorn-balls	0	-	8× effectiveness on opposite sex, same species targets of the Active Pokémon. Made from Pnk Apricorn.
456	park-ball	pokeballs	standard-balls	0	-	Catches Pokémon in the Pal Park every time.
457	sport-ball	pokeballs	standard-balls	300	-	Tries to catch a Pokémon in the Bug-Catching contest in National Park. (Gen II: Park Ball)
458	red-apricorn	key	apricorn-box	200	10	Used to make a Level Ball.
459	blue-apricorn	key	apricorn-box	200	10	Used to make a Lure Ball.
460	yellow-apricorn	key	apricorn-box	200	10	Used to make a Moon Ball.
461	green-apricorn	key	apricorn-box	200	10	Used to make a Friend Ball.
462	pink-apricorn	key	apricorn-box	200	10	Used to make a Love Ball.
463	white-apricorn	key	apricorn-box	200	10	Used to make a Fast Ball.
464	black-apricorn	key	apricorn-box	200	10	Used to make a Heavy Ball.
465	dowsing-machine	key	gameplay	0	-	Use to find hidden items on the field. AKA Itemfinder.
466	rage-candy-bar	key	gameplay	350	30	HS: Traded for TM64. Gen II & Gen V: Acts as a Potion.
467	red-orb	key	plot-advancement	0	-	Summons Groudon to the Embedded Tower.
468	blue-orb	key	plot-advancement	0	-	Summons Kyogre to the Embedded Tower.
469	jade-orb	key	plot-advancement	0	-	Summons Rayquaza to the Embedded Tower.
470	enigma-stone	key	event-items	0	-	S: Summons Latias H: Summons Latios.
471	unown-report	key	gameplay	0	-	Keeps track of Unown types caught.
472	blue-card	key	gameplay	0	-	Keeps track of points from Buena’s show.
473	slowpoke-tail	key	unused	0	-	A tasty tail that sells for a high price.
474	clear-bell	key	plot-advancement	0	-	HS: Allows Kimono-girls to summon Ho-oh. C: Summons Suicune to the Tin Tower.
475	card-key	key	plot-advancement	0	-	HS: Opens doors in the Radio Tower. Gen III: Unlocks Silph Co Doors.
476	basement-key	key	plot-advancement	0	-	HS: Key to the tunnel under Goldenrod City. Gen III: Key to New Mauville.
477	red-scale	key	plot-advancement	0	-	Trade to Mr. Pokémon for an Exp. Share.
478	lost-item	key	plot-advancement	0	-	A Poké Doll lost by the Copycat who lives in Saffron City. Trade for a Pass.
479	pass	key	plot-advancement	0	-	Grants access to ride the Magnet Train between Goldenrod City and Saffron City.
480	machine-part	key	plot-advancement	0	-	Must be replaced in the Power Plant to power the Magnet Train.
481	silver-wing	key	plot-advancement	0	-	Summons Lugia to the Whirl Islands.
482	rainbow-wing	key	plot-advancement	0	-	Summons Ho-Oh at the top of the Bell Tower.
483	mystery-egg	key	plot-advancement	0	-	Deliver to Professor Elm.
484	gb-sounds	key	gameplay	0	-	Use to listen to GameBoy era audio.
485	tidal-bell	key	plot-advancement	0	-	Allows Kimono-girls to summon Lugia.
486	data-card-01	key	data-cards	0	-	Records the number of times the trainer has come in first place overall in the Pokéathlon.
487	data-card-02	key	data-cards	0	-	Records the number of times the trainer has come in last place overall in the Pokéathlon.
488	data-card-03	key	data-cards	0	-	Records the number of times the trainer’s Pokémon have dashed in the Pokéathlon.
489	data-card-04	key	data-cards	0	-	Records the number of times the trainer’s Pokémon have jumped in the Pokéathlon.
490	data-card-05	key	data-cards	0	-	Records the number of times the trainer has come in first in the Pokéathlon Hurdle Dash.
491	data-card-06	key	data-cards	0	-	Records the number of times the trainer has come in first in the Pokéathlon Relay Run.
492	data-card-07	key	data-cards	0	-	Records the number of times the trainer has come in first in the Pokéathlon Pennant Capture.
493	data-card-08	key	data-cards	0	-	Records the number of times the trainer has come in first in the Pokéathlon Block Smash.
494	data-card-09	key	data-cards	0	-	Records the number of times the trainer has come in first in the Pokéathlon Disc Catch.
495	data-card-10	key	data-cards	0	-	Records the number of times the trainer has come in first in the Pokéathlon Snow Throw.
496	data-card-11	key	data-cards	0	-	Records the number of points the trainer has earned in the Pokéathlon.
497	data-card-12	key	data-cards	0	-	Records the number of times the trainer’s Pokémon have messed up in the Pokéathlon.
498	data-card-13	key	data-cards	0	-	Records the number of times the trainer’s Pokémon have defeated themselves in the Pokéathlon.
499	data-card-14	key	data-cards	0	-	Records the number of times the trainer’s Pokémon have tackled in the Pokéathlon.
500	data-card-15	key	data-cards	0	-	Records the number of times the trainer’s Pokémon have fallen in the Pokéathlon.
501	data-card-16	key	data-cards	0	-	Records the number of times the trainer has come in first in the Pokéathlon Ring Drop.
502	data-card-17	key	data-cards	0	-	Records the number of times the trainer has come in first in the Pokéathlon Lamp Jump.
503	data-card-18	key	data-cards	0	-	Records the number of times the trainer has come in first in the Pokéathlon Circle Push.
504	data-card-19	key	data-cards	0	-	Records the number of times the trainer has come in first place overall in the Pokéathlon over wirelss.
505	data-card-20	key	data-cards	0	-	Records the number of times the trainer has come in last place overall in the Pokéathlon over wireless.
506	data-card-21	key	data-cards	0	-	Records the number of times the trainer has come in first across all Pokéathlon events.
507	data-card-22	key	data-cards	0	-	Records the number of times the trainer has come in last across all Pokéathlon events.
508	data-card-23	key	data-cards	0	-	Records the number of times the trainer has switched Pokémon in the Pokéathlon.
509	data-card-24	key	data-cards	0	-	Records the number of times the trainer has come in first in the Pokéathlon Goal Roll.
510	data-card-25	key	data-cards	0	-	Records the number of times the trainer’s Pokémon received prizes in the Pokéathlon.
511	data-card-26	key	data-cards	0	-	Records the number of times the trainer has instructed Pokémon in the Pokéathlon.
512	data-card-27	key	data-cards	0	-	Records the total time spent in the Pokéathlon.
513	lock-capsule	key	unused	0	-	Contains TM95 (Snarl).
514	photo-album	key	unused	0	-	Stores photos from your adventure.
515	orange-mail	mail	all-mail	50	-	Lets a Trainer write a message and send it via Pokémon trade.
516	harbor-mail	mail	all-mail	50	-	Lets a Trainer write a message and send it via Pokémon trade.
517	glitter-mail	mail	all-mail	50	-	Lets a Trainer write a message and send it via Pokémon trade.
518	mech-mail	mail	all-mail	50	-	Lets a Trainer write a message and send it via Pokémon trade.
519	wood-mail	mail	all-mail	50	-	Lets a Trainer write a message and send it via Pokémon trade.
520	wave-mail	mail	all-mail	50	-	Lets a Trainer write a message and send it via Pokémon trade.
521	bead-mail	mail	all-mail	50	-	Lets a Trainer write a message and send it via Pokémon trade.
522	shadow-mail	mail	all-mail	50	-	Lets a Trainer write a message and send it via Pokémon trade.
523	tropic-mail	mail	all-mail	50	-	Lets a Trainer write a message and send it via Pokémon trade.
524	dream-mail	mail	all-mail	50	-	Lets a Trainer write a message and send it via Pokémon trade.
525	fab-mail	mail	all-mail	50	-	Lets a Trainer write a message and send it via Pokémon trade.
526	retro-mail	mail	all-mail	0	-	Lets a Trainer write a message and send it via Pokémon trade.
527	mach-bike	key	gameplay	0	-	Faster than the Acro Bike, and can ride up sandy slopes and across cracked floors.
528	acro-bike	key	gameplay	0	-	More maneuverable than the Mach Bike, and allows hopping along rails.
529	wailmer-pail	key	gameplay	0	-	Used to water berries.
530	devon-goods	key	plot-advancement	0	-	Contains mechanical parts to be delivered to Captain Stern.
531	soot-sack	key	gameplay	0	-	Stores volcanic ash from Route 113.
532	pokeblock-case	key	gameplay	0	-	Holds Pokéblocks.
533	letter	key	plot-advancement	0	-	A letter to Steven from the Devon Corp president.
534	eon-ticket	key	event-items	0	-	Provides access to Southern Island and Latias or Latios.
535	scanner	key	plot-advancement	0	-	Trade to Captain Stern for a DeepSeaTooth or DeepSeaScale.
536	go-goggles	key	gameplay	0	-	Allows passage through windy deserts.
537	meteorite	key	plot-advancement	0	-	FL: Deliver to Lostelle’s father. RSE: Trade to Professor Cozmo for TM27 (Return).
538	rm-1-key	key	plot-advancement	0	-	Unlocks room 1 on the Abandoned Ship.
539	rm-2-key	key	plot-advancement	0	-	Unlocks room 2 on the Abandoned Ship.
540	rm-4-key	key	plot-advancement	0	-	Unlocks room 4 on the Abandoned Ship.
541	rm-6-key	key	plot-advancement	0	-	Unlocks room 6 on the Abandoned Ship.
542	devon-scope	key	gameplay	0	-	Allows spotting of invisible Kecleon.
543	oaks-parcel	key	plot-advancement	0	-	Trade to Prof. Oak for a Pokédex.
544	poke-flute	key	plot-advancement	0	-	Use to awaken sleeping Pokémon, including Snorlax on roads.
545	bike-voucher	key	plot-advancement	0	-	Trade in Cerulean bike shop for a Bicycle.
546	gold-teeth	key	plot-advancement	0	-	The Safari Zone Warden’s dentures. Trade for HM04 (Strength).
547	lift-key	key	plot-advancement	0	-	Operates the elevator in Team Rocket’s Celadon Hideout.
548	silph-scope	key	plot-advancement	0	-	Used to identify the true forms of ghosts in Pokémon Tower.
549	fame-checker	key	gameplay	0	-	Records information about NPCs.
550	tm-case	key	gameplay	0	-	Holds TMs.
551	berry-pouch	key	gameplay	0	-	Holds berries.
552	teachy-tv	key	gameplay	0	-	Teachers basic trainer advice.
553	tri-pass	key	plot-advancement	0	-	Grants access to the first three Sevii Islands.
554	rainbow-pass	key	plot-advancement	0	-	Grants access to all of the Sevii Islands.
555	tea	key	plot-advancement	0	-	Grants access to Saffron City.
556	mysticticket	key	event-items	0	-	Allows access to Navel Rock and Lugia or Ho-oh.
557	auroraticket	key	event-items	0	-	Allows access to Birth Island and Deoxys.
558	powder-jar	key	gameplay	0	-	Stores Berry Powder made using a Berry Crusher.
559	ruby	key	plot-advancement	0	-	Give to Celio with Sapphire to activate Network Machine and get Rainbow Pass.
560	sapphire	key	plot-advancement	0	-	Give to Celio with Ruby to activate Network Machine and get Rainbow Pass.
561	magma-emblem	key	plot-advancement	0	-	Provides access to the Team Magma Hideout in the Jagged Pass.
562	old-sea-map	key	event-items	0	-	Allows access to Faraway Island and Mew. Unreleased outside of Japan.
563	douse-drive	misc	species-specific	0	70	Grants Genesect a blue, Water-type Techno Blast.
564	shock-drive	misc	species-specific	0	70	Grants Genesect a yellow, Electric-type Techno Blast.
565	burn-drive	misc	species-specific	0	70	Grants Genesect a red, Fire-type Techno Blast.
566	chill-drive	misc	species-specific	0	70	Grants Genesect a white, Ice-type Techno Blast.
567	sweet-heart	medicine	healing	3000	30	Restores 20 HP.
568	greet-mail	mail	all-mail	50	-	Lets a Trainer write a message and send it via Pokémon trade.
569	favored-mail	mail	all-mail	50	-	Lets a Trainer write a message and send it via Pokémon trade.
570	rsvp-mail	mail	all-mail	50	-	Lets a Trainer write a message and send it via Pokémon trade.
571	thanks-mail	mail	all-mail	50	-	Lets a Trainer write a message and send it via Pokémon trade.
572	inquiry-mail	mail	all-mail	50	-	Lets a Trainer write a message and send it via Pokémon trade.
573	like-mail	mail	all-mail	50	-	Lets a Trainer write a message and send it via Pokémon trade.
574	reply-mail	mail	all-mail	50	-	Lets a Trainer write a message and send it via Pokémon trade.
575	bridge-mail-s	mail	all-mail	50	-	Lets a Trainer write a message and send it via Pokémon trade.
576	bridge-mail-d	mail	all-mail	50	-	Lets a Trainer write a message and send it via Pokémon trade.
577	bridge-mail-t	mail	all-mail	50	-	Lets a Trainer write a message and send it via Pokémon trade.
578	bridge-mail-v	mail	all-mail	50	-	Lets a Trainer write a message and send it via Pokémon trade.
579	bridge-mail-m	mail	all-mail	50	-	Lets a Trainer write a message and send it via Pokémon trade.
580	prism-scale	misc	evolution	2000	30	Traded on a Feebas: Holder evolves into Milotic.
581	eviolite	misc	held-items	4000	40	Held: Holder has 1.5× Defense and Special Defense, as long as it’s not fully evolved.
582	float-stone	misc	held-items	4000	30	Held: Holder has 0.5× weight.
583	rocky-helmet	misc	held-items	4000	60	Held: When the holder is hit by a contact move, the attacking Pokémon takes 1/6 its max HP in damage.
584	air-balloon	misc	held-items	4000	10	Held: Grants immunity to Ground-type moves, Spikes, and Toxic Spikes. Consumed when the holder takes damage from a move.
585	red-card	misc	held-items	4000	10	Held: When the holder takes damage from a move, the opponent switches out for another random party Pokémon. Consumed after use.
586	ring-target	misc	held-items	4000	10	Held: Negates the holder’s type immunities. Ability immunities are not removed.
587	binding-band	misc	held-items	4000	30	Held: Doubles the per-turn damage of multi-turn trapping moves.
588	absorb-bulb	misc	held-items	4000	30	Held: Raises the holder’s Special Attack by one stage when it takes Water-type damage.
589	cell-battery	misc	held-items	4000	30	Held: Raises the holder’s Attack by one stage when it takes Electric-type damage.
590	eject-button	misc	held-items	4000	30	Held: When the holder takes damage from a move, it switches out for a party Pokémon of the Trainer’s choice.
591	fire-gem	misc	jewels	200	-	Held: When the holder uses a damaging Fire-type move, the move has 1.5× power and this item is consumed.
592	water-gem	misc	jewels	200	-	Held: When the holder uses a damaging Water-type move, the move has 1.5× power and this item is consumed.
593	electric-gem	misc	jewels	200	-	Held: When the holder uses a damaging Electric-type move, the move has 1.5× power and this item is consumed.
594	grass-gem	misc	jewels	200	-	Held: When the holder uses a damaging Grass-type move, the move has 1.5× power and this item is consumed.
595	ice-gem	misc	jewels	200	-	Held: When the holder uses a damaging Ice-type move, the move has 1.5× power and this item is consumed.
596	fighting-gem	misc	jewels	200	-	Held: When the holder uses a damaging Fighting-type move, the move has 1.5× power and this item is consumed.
597	poison-gem	misc	jewels	200	-	Held: When the holder uses a damaging Poison-type move, the move has 1.5× power and this item is consumed.
598	ground-gem	misc	jewels	200	-	Held: When the holder uses a damaging Ground-type move, the move has 1.5× power and this item is consumed.
599	flying-gem	misc	jewels	200	-	Held: When the holder uses a damaging Flying-type move, the move has 1.5× power and this item is consumed.
600	psychic-gem	misc	jewels	200	-	Held: When the holder uses a damaging Psychic-type move, the move has 1.5× power and this item is consumed.
601	bug-gem	misc	jewels	200	-	Held: When the holder uses a damaging Bug-type move, the move has 1.5× power and this item is consumed.
602	rock-gem	misc	jewels	200	-	Held: When the holder uses a damaging Rock-type move, the move has 1.5× power and this item is consumed.
603	ghost-gem	misc	jewels	200	-	Held: When the holder uses a damaging Ghost-type move, the move has 1.5× power and this item is consumed.
604	dark-gem	misc	jewels	200	-	Held: When the holder uses a damaging Dark-type move, the move has 1.5× power and this item is consumed.
605	steel-gem	misc	jewels	200	-	Held: When the holder uses a damaging Steel-type move, the move has 1.5× power and this item is consumed.
606	health-wing	medicine	vitamins	300	20	Increases HP effort by 1.
607	muscle-wing	medicine	vitamins	300	20	Increases Attack effort by 1.
608	resist-wing	medicine	vitamins	300	20	Increases Defense effort by 1.
609	genius-wing	medicine	vitamins	300	20	Increases Special Attack effort by 1.
610	clever-wing	medicine	vitamins	300	20	Increases Special Defense effort by 1.
611	swift-wing	medicine	vitamins	300	20	Increases Speed effort by 1.
612	pretty-wing	misc	loot	1000	20	Sell for 100 Pokédollars.
613	cover-fossil	misc	dex-completion	7000	100	Can be revived into a Tirtouga.
614	plume-fossil	misc	dex-completion	7000	100	Can be revived into an Archen.
615	liberty-pass	key	event-items	0	-	Allows access to Liberty Garden and Victini.
616	pass-orb	misc	held-items	200	30	Activates Pass Powers.
617	dream-ball	pokeballs	special-balls	0	-	Catches Pokémon found in the Dream World.
618	poke-toy	misc	spelunking	100	30	Ends a wild battle.
619	prop-case	key	gameplay	0	-	Stores props for the Pokémon Musical.
620	dragon-skull	key	plot-advancement	0	-	Return to the museum in Nacrene City.
621	balm-mushroom	misc	loot	15000	30	Sell to Hungry Maid for 25000 Pokédollars.
622	big-nugget	misc	loot	40000	130	Sell to Ore Collector for 30000 Pokédollars.
623	pearl-string	misc	loot	20000	30	Sell to Ore Collector for 25000 Pokédollars.
624	comet-shard	misc	loot	25000	30	Sell to Ore Collector for 60000 Pokédollars.
625	relic-copper	misc	loot	0	30	Sell to Villa Owner for 1000 Pokédollars.
626	relic-silver	misc	loot	0	30	Sell to Villa Owner 5000 Pokédollars.
627	relic-gold	misc	loot	60000	30	Sell to Villa Owner 10000 Pokédollars.
628	relic-vase	misc	loot	0	30	Sell to Villa Owner 50000 Pokédollars.
629	relic-band	misc	loot	0	30	Sell to Villa Owner for 100000 Pokédollars.
630	relic-statue	misc	loot	0	30	Sell to Villa Owner 200000 Pokédollars.
631	relic-crown	misc	loot	0	30	Sell to Villa Owner for 300000 Pokédollars.
632	casteliacone	medicine	status-cures	350	30	Cures any status ailment and confusion.
633	dire-hit-2	battle	miracle-shooter	0	-	Raises critical hit rate by two stages in battle. Wonder Launcher only.
634	x-speed-2	battle	miracle-shooter	0	-	Raises Speed by two stages in battle. Wonder Launcher only.
635	x-sp-atk-2	battle	miracle-shooter	0	-	Raises Special Attack by two stages in battle. Wonder Launcher only.
636	x-sp-def-2	battle	miracle-shooter	0	-	Raises Special Defense by two stages in battle. Wonder Launcher only.
637	x-defense-2	battle	miracle-shooter	0	-	Raises Defense by two stages in battle. Wonder Launcher only.
638	x-attack-2	battle	miracle-shooter	0	-	Raises Attack by two stages in battle. Wonder Launcher only.
639	x-accuracy-2	battle	miracle-shooter	0	-	Raises accuracy by two stages in battle. Wonder Launcher only.
640	x-speed-3	battle	miracle-shooter	0	-	Raises Speed by three stages in battle. Wonder Launcher only.
641	x-sp-atk-3	battle	miracle-shooter	0	-	Raises Special Attack by three stages in battle. Wonder Launcher only.
642	x-sp-def-3	battle	miracle-shooter	0	-	Raises Special Defense by three stages in battle. Wonder Launcher only.
643	x-defense-3	battle	miracle-shooter	0	-	Raises Defense by three stages in battle. Wonder Launcher only.
644	x-attack-3	battle	miracle-shooter	0	-	Raises Attack by three stages in battle. Wonder Launcher only.
645	x-accuracy-3	battle	miracle-shooter	0	-	Raises accuracy by three stages in battle. Wonder Launcher only.
646	x-speed-6	battle	miracle-shooter	0	-	Raises Speed by six stages in battle. Wonder Launcher only.
647	x-sp-atk-6	battle	miracle-shooter	0	-	Raises Special Attack by six stages in battle. Wonder Launcher only.
648	x-sp-def-6	battle	miracle-shooter	0	-	Raises Special Defense by six stages in battle. Wonder Launcher only.
649	x-defense-6	battle	miracle-shooter	0	-	Raises Defense by six stages in battle. Wonder Launcher only.
650	x-attack-6	battle	miracle-shooter	0	-	Raises Attack by six stages in battle. Wonder Launcher only.
651	x-accuracy-6	battle	miracle-shooter	0	-	Raises accuracy by six stages in battle. Wonder Launcher only.
652	ability-urge	battle	miracle-shooter	0	-	Forcibly activates a friendly Pokémon’s ability.
653	item-drop	battle	miracle-shooter	0	-	Forces a friendly Pokémon to drop its held item.
654	item-urge	battle	miracle-shooter	0	-	Forcibly activates a friendly Pokémon’s held item.
655	reset-urge	battle	miracle-shooter	0	-	Resets a friendly Pokémon’s stat changes.
656	dire-hit-3	battle	miracle-shooter	0	-	Raises critical hit rate by three stages in battle. Wonder Launcher only.
657	light-stone	key	plot-advancement	0	-	Summons Reshiram for the final battle against N.
658	dark-stone	key	plot-advancement	0	-	Summons Zekrom for the final battle against N.
659	tm93	machines	all-machines	1000	-	Teaches Wild Charge to a compatible Pokémon.
660	tm94	machines	all-machines	10000	-	Teaches Rock Smash to a compatible Pokémon.
661	tm95	machines	all-machines	1000	-	Teaches Snarl to a compatible Pokémon.
662	xtransceiver	key	gameplay	0	-	Makes four-way video calls.
663	god-stone	key	unused	0	-	Unknown. Currently unused.
664	gram-1	key	plot-advancement	0	-	Part of a sidequest to obtain TM89.
665	gram-2	key	plot-advancement	0	-	Part of a sidequest to obtain TM89.
666	gram-3	key	plot-advancement	0	-	Part of a sidequest to obtain TM89.
668	dragon-gem	misc	jewels	200	-	Held: When the holder uses a damaging Dragon-type move, the move has 1.5× power and this item is consumed.
669	normal-gem	misc	jewels	4000	-	Held: When the holder uses a damaging Normal-type move, the move has 1.5× power and this item is consumed.
670	medal-box	key	gameplay	0	-	Holds medals recieved in the medal rally.
671	dna-splicers	key	gameplay	0	-	Fuses Kyurem with Reshiram or Zekrom, or splits them apart again.
673	permit	key	gameplay	0	-	Grants access to the Nature Preserve.
674	oval-charm	key	gameplay	0	-	Doubles the chance of two Pokémon producing an egg at the daycare every 255 steps.
675	shiny-charm	key	gameplay	0	-	Raises the chance of finding a shiny Pokémon.
676	plasma-card	key	plot-advancement	0	-	Required to progress in the Plasma Frigate.
677	grubby-hanky	key	plot-advancement	0	-	Appears in the Café Warehouse on Sunday; return to the customer with a Patrat on Thursday.
678	colress-machine	key	plot-advancement	0	-	Wakes up the Crustle blocking the way in Seaside Cave.
679	dropped-item	key	plot-advancement	0	-	Returned to Curtis or Yancy as part of a sidequest.
681	reveal-glass	key	gameplay	0	-	Switches Tornadus, Thundurus, and Landorus between Incarnate and Therian Forme.
682	weakness-policy	misc	held-items	1000	80	Held: When the holder is hit by a super effective move, its Attack and Special Attack raise by two stages.
683	assault-vest	misc	held-items	1000	80	Raises the holder’s Special Defense to 1.5×. Prevents the holder from selecting a status move.
684	pixie-plate	misc	plates	1000	90	Held: Fairy-Type moves from holder do 20% more damage. Changes Arceus’s and Judgment’s type to Fairy.
685	ability-capsule	medicine	vitamins	10000	-	Switches a Pokémon between its two possible (non-Hidden) Abilities.
686	whipped-dream	misc	evolution	2000	80	Traded on a Swirlix: Holder evolves into Slurpuff.
687	sachet	misc	evolution	2000	80	Traded on a Spritzee: Holder evolves into Aromatisse.
688	luminous-moss	misc	held-items	4000	30	Held: If the holder is hit by a damaging Water move, raises its Special Defense by one stage.
689	snowball	misc	held-items	4000	30	Held: If the holder is hit by a damaging Ice move, raises its Attack by one stage.
690	safety-goggles	misc	held-items	4000	80	Held: Prevents damage from powder moves and the damage from Hail and Sandstorm.
691	rich-mulch	misc	mulch	200	30	Increases the total number of Berries by 2.
692	surprise-mulch	misc	mulch	200	30	Increases the chance of Berry mutation.
693	boost-mulch	misc	mulch	200	30	Causes soil to dry out in 4 hours.
694	amaze-mulch	misc	mulch	200	30	Increases the total number of Berries by 2, increases the chance of Berry mutation, and causes soil to dry out in 4 hours.
695	gengarite	misc	mega-stones	0	80	Held: Allows Gengar to Mega Evolve into Mega Gengar.
696	gardevoirite	misc	mega-stones	0	80	Held: Allows Gardevoir to Mega Evolve into Mega Gardevoir.
697	ampharosite	misc	mega-stones	0	80	Held: Allows Ampharos to Mega Evolve into Mega Ampharos.
698	venusaurite	misc	mega-stones	0	80	Held: Allows Venusaur to Mega Evolve into Mega Venusaur.
699	charizardite-x	misc	mega-stones	0	80	Held: Allows Charizard to Mega Evolve into Mega Charizard X.
700	blastoisinite	misc	mega-stones	0	80	Held: Allows Blastoise to Mega Evolve into Mega Blastoise.
701	mewtwonite-x	misc	mega-stones	0	80	Held: Allows Mewtwo to Mega Evolve into Mega Mewtwo X.
702	mewtwonite-y	misc	mega-stones	0	80	Held: Allows Mewtwo to Mega Evolve into Mega Mewtwo Y.
703	blazikenite	misc	mega-stones	0	80	Held: Allows Blaziken to Mega Evolve into Mega Blaziken.
704	medichamite	misc	mega-stones	0	80	Held: Allows Medicham to Mega Evolve into Mega Medicham.
705	houndoominite	misc	mega-stones	0	80	Held: Allows Houndoom to Mega Evolve into Mega Houndoom.
706	aggronite	misc	mega-stones	0	80	Held: Allows Aggron to Mega Evolve into Mega Aggron.
707	banettite	misc	mega-stones	0	80	Held: Allows Banette to Mega Evolve into Mega Banette.
708	tyranitarite	misc	mega-stones	0	80	Held: Allows Tyranitar to Mega Evolve into Mega Tyranitar.
709	scizorite	misc	mega-stones	0	80	Held: Allows Scizor to Mega Evolve into Mega Scizor.
710	pinsirite	misc	mega-stones	0	80	Held: Allows Pinsir to Mega Evolve into Mega Pinsir.
711	aerodactylite	misc	mega-stones	0	80	Held: Allows Aerodactyl to Mega Evolve into Mega Aerodactyl.
712	lucarionite	misc	mega-stones	0	80	Held: Allows Lucario to Mega Evolve into Mega Lucario.
713	abomasite	misc	mega-stones	0	80	Held: Allows Abomasnow to Mega Evolve into Mega Abomasnow.
714	kangaskhanite	misc	mega-stones	0	80	Held: Allows Kangaskhan to Mega Evolve into Mega Kangaskhan.
715	gyaradosite	misc	mega-stones	0	80	Held: Allows Gyarados to Mega Evolve into Mega Gyarados.
716	absolite	misc	mega-stones	0	80	Held: Allows Absol to Mega Evolve into Mega Absol.
717	charizardite-y	misc	mega-stones	0	80	Held: Allows Charizard to Mega Evolve into Mega Charizard Y.
718	alakazite	misc	mega-stones	0	80	Held: Allows Alakazam to Mega Evolve into Mega Alakazam.
719	heracronite	misc	mega-stones	0	80	Held: Allows Heracross to Mega Evolve into Mega Heracross.
720	mawilite	misc	mega-stones	0	80	Held: Allows Mawile to Mega Evolve into Mega Mawile.
721	manectite	misc	mega-stones	0	80	Held: Allows Manectric to Mega Evolve into Mega Manectric.
722	garchompite	misc	mega-stones	0	80	Held: Allows Garchomp to Mega Evolve into Mega Garchomp.
723	roseli-berry	berries	type-protection	80	10	Held: Consumed when struck by a super-effective Fairy-type attack to halve the damage.
724	kee-berry	berries	other	80	10	Held: When the holder is hit by a physical move, increases its Defense by one stage.
725	maranga-berry	berries	other	80	10	Held: When the holder is hit by a special move, increases its Special Defense by one stage.
726	discount-coupon	misc	loot	20	10	Can be used at a boutique for a 50% discount. Consumed once used.
727	strange-souvenir	misc	loot	3000	30	Vendor trash.
728	lumiose-galette	medicine	status-cures	350	30	Cures all major status ailments and confusion.
729	jaw-fossil	misc	dex-completion	7000	100	Can be revived into a Tyrunt.
730	sail-fossil	misc	dex-completion	7000	100	Can be revived into an Amaura.
731	fairy-gem	misc	jewels	200	-	Held: When the holder uses a damaging Fairy move, the move has 1.5× power and this item is consumed.
732	adventure-rules	key	gameplay	0	-	Contains basic gameplay information.
733	elevator-key	key	plot-advancement	0	-	Unlocks the elevator in Lysandre Labs.
734	holo-caster	key	gameplay	0	-	Displays cutscene conversations as the plot advances.
735	honor-of-kalos	key	plot-advancement	0	-	Does nothing, but signifies becoming Champion.
736	intriguing-stone	key	plot-advancement	0	-	Trade for a Sun Stone in X and Y, or Pidgeotite in Omega Ruby and Alpha Sapphire.
737	lens-case	key	gameplay	0	-	Allows the player to change their eye color.
738	looker-ticket	key	plot-advancement	0	-	Advances the Looker postgame plot.
739	mega-ring	key	gameplay	0	-	Allows the player’s Pokémon to Mega Evolve.
740	power-plant-pass	key	plot-advancement	0	-	Permits entry to the Kalos Power Plant.
741	profs-letter	key	plot-advancement	0	-	Traded to the player’s mom for the Town Map and a Potion.
742	roller-skates	key	gameplay	0	-	Allows the player to move quickly and off the grid.
743	sprinklotad	key	gameplay	0	-	Waters Berry plants.
744	tmv-pass	key	gameplay	0	-	Permits access to Kiloude City.
745	tm96	machines	all-machines	1000	-	Teaches a Pokémon TM96.
746	tm97	machines	all-machines	1000	-	Teaches a Pokémon TM97.
747	tm98	machines	all-machines	1000	-	Teaches a Pokémon TM98.
748	tm99	machines	all-machines	1000	-	Teaches a Pokémon TM99.
749	tm100	machines	all-machines	5000	-	Teaches a Pokémon TM100.
760	latiasite	misc	mega-stones	0	80	Held: Allows Latias to Mega Evolve into Mega Latias.
761	latiosite	misc	mega-stones	0	80	Held: Allows Latios to Mega Evolve into Mega Latios.
762	common-stone	key	unused	0	-	Unknown.
763	makeup-bag	key	gameplay	0	-	Allows the player to change their lipstick color.
764	travel-trunk	key	unused	0	-	Unobtainable, but allows the player to change clothes anywhere.
765	shalour-sable	medicine	status-cures	350	30	Cures any major status ailment and confusion.
768	mega-charm	key	unused	0	-	Unused Key Stone.
769	mega-glove	key	unused	0	-	Unused NPC Key Stone.
770	devon-parts	key	plot-advancement	0	-	Allows Captain Stern to set out on his expedition.
772	pokeblock-kit	key	gameplay	0	-	Creates and stores Pokéblocks.
773	key-to-room-1	key	plot-advancement	0	-	Unlocks the door to Room 1 in Sea Mauville.
774	key-to-room-2	key	plot-advancement	0	-	Unlocks the door to Room 2 in Sea Mauville.
775	key-to-room-4	key	plot-advancement	0	-	Unlocks the door to Room 4 in Sea Mauville.
776	key-to-room-6	key	plot-advancement	0	-	Unlocks the door to Room 6 in Sea Mauville.
779	devon-scuba-gear	key	plot-advancement	0	-	Worn by the player while underwater.
780	contest-costume--jacket	key	gameplay	0	-	Worn during Pokémon Contests.
782	magma-suit	key	plot-advancement	0	-	Allows the player to ride Groudon in the Cave of Origin.
783	aqua-suit	key	plot-advancement	0	-	Allows the player to ride Kyogre in the Cave of Origin.
784	pair-of-tickets	key	plot-advancement	0	-	Allows the player and their mother to see the star show in the Mossdeep Space Center.
785	mega-bracelet	key	gameplay	0	-	Allows the player’s Pokémon to Mega Evolve.
786	mega-pendant	key	unused	0	-	Unused NPC Key Stone.
787	mega-glasses	key	unused	0	-	Unused NPC Key Stone.
788	mega-anchor	key	unused	0	-	Unused NPC Key Stone.
789	mega-stickpin	key	unused	0	-	Unused NPC Key Stone.
790	mega-tiara	key	unused	0	-	Unused NPC Key Stone.
791	mega-anklet	key	unused	0	-	Unused NPC Key Stone.
793	swampertite	misc	mega-stones	0	80	Held: Allows Swampert to Mega Evolve into Mega Swampert.
794	sceptilite	misc	mega-stones	0	80	Held: Allows Sceptile to Mega Evolve into Mega Sceptile.
795	sablenite	misc	mega-stones	0	80	Held: Allows Sableye to Mega Evolve into Mega Sableye.
796	altarianite	misc	mega-stones	0	80	Held: Allows Altaria to Mega Evolve into Mega Altaria.
797	galladite	misc	mega-stones	0	80	Held: Allows Gallade to Mega Evolve into Mega Gallade.
798	audinite	misc	mega-stones	0	80	Held: Allows Audino to Mega Evolve into Mega Audino.
799	metagrossite	misc	mega-stones	0	80	Held: Allows Metagross to Mega Evolve into Mega Metagross.
800	sharpedonite	misc	mega-stones	0	80	Held: Allows Sharpedo to Mega Evolve into Mega Sharpedo.
801	slowbronite	misc	mega-stones	0	80	Held: Allows Slowbro to Mega Evolve into Mega Slowbro.
802	steelixite	misc	mega-stones	0	80	Held: Allows Steelix to Mega Evolve into Mega Steelix.
803	pidgeotite	misc	mega-stones	0	80	Held: Allows Pidgeot to Mega Evolve into Mega Pidgeot.
804	glalitite	misc	mega-stones	0	80	Held: Allows Glalie to Mega Evolve into Mega Glalie.
805	diancite	misc	mega-stones	0	80	Held: Allows Diancie to Mega Evolve into Mega Diancie.
806	prison-bottle	key	gameplay	0	-	Transforms Hoopa into its Unbound form for up to three days.
807	mega-cuff	key	unused	0	-	Unused Key Stone.
808	cameruptite	misc	mega-stones	0	80	Held: Allows Camerupt to Mega Evolve into Mega Camerupt.
809	lopunnite	misc	mega-stones	0	80	Held: Allows Lopunny to Mega Evolve into Mega Lopunny.
810	salamencite	misc	mega-stones	0	80	Held: Allows Salamence to Mega Evolve into Mega Salamence.
811	beedrillite	misc	mega-stones	0	80	Held: Allows Beedrill to Mega Evolve into Mega Beedrill.
814	key-stone	key	gameplay	0	-	Allows the player’s Pokémon to Mega Evolve.
815	meteorite-shard	key	plot-advancement	0	-	Causes the Meteorite to transform to its final form, allowing Rayquaza to Mega Evolve.
816	eon-flute	key	gameplay	0	-	Summons Latias or Latios for a ride.
817	normalium-z--held	key	z-crystals	0	-	Held: Allows a Pokémon to use the Z-move equivalents of its Normal moves.
818	firium-z--held	key	z-crystals	0	-	Held: Allows a Pokémon to use the Z-move equivalents of its Fire moves.
819	waterium-z--held	key	z-crystals	0	-	Held: Allows a Pokémon to use the Z-move equivalents of its Water moves.
820	electrium-z--held	key	z-crystals	0	-	Held: Allows a Pokémon to use the Z-move equivalents of its Electric moves.
821	grassium-z--held	key	z-crystals	0	-	Held: Allows a Pokémon to use the Z-move equivalents of its Grass moves.
822	icium-z--held	key	z-crystals	0	-	Held: Allows a Pokémon to use the Z-move equivalents of its Ice moves.
823	fightinium-z--held	key	z-crystals	0	-	Held: Allows a Pokémon to use the Z-move equivalents of its Fighting moves.
824	poisonium-z--held	key	z-crystals	0	-	Held: Allows a Pokémon to use the Z-move equivalents of its Poison moves.
825	groundium-z--held	key	z-crystals	0	-	Held: Allows a Pokémon to use the Z-move equivalents of its Ground moves.
826	flyinium-z--held	key	z-crystals	0	-	Held: Allows a Pokémon to use the Z-move equivalents of its Flying moves.
827	psychium-z--held	key	z-crystals	0	-	Held: Allows a Pokémon to use the Z-move equivalents of its Psychic moves.
828	buginium-z--held	key	z-crystals	0	-	Held: Allows a Pokémon to use the Z-move equivalents of its Bug moves.
829	rockium-z--held	key	z-crystals	0	-	Held: Allows a Pokémon to use the Z-move equivalents of its Rock moves.
830	ghostium-z--held	key	z-crystals	0	-	Held: Allows a Pokémon to use the Z-move equivalents of its Ghost moves.
831	dragonium-z--held	key	z-crystals	0	-	Held: Allows a Pokémon to use the Z-move equivalents of its Dragon moves.
832	darkinium-z--held	key	z-crystals	0	-	Held: Allows a Pokémon to use the Z-move equivalents of its Dark moves.
833	steelium-z--held	key	z-crystals	0	-	Held: Allows a Pokémon to use the Z-move equivalents of its Steel moves.
834	fairium-z--held	key	z-crystals	0	-	Held: Allows a Pokémon to use the Z-move equivalents of its Fairy moves.
835	pikanium-z--held	key	z-crystals	0	-	Held: Allows Pikachu to upgrade Volt Tackle into Catastropika.
836	bottle-cap	misc	loot	5000	30	Trade to Mr. Hyper to maximize one of a Pokémon’s genes.
837	gold-bottle-cap	misc	loot	10000	30	Trade to Mr. Hyper to maximize all of a Pokémon’s genes.
838	z-ring	key	gameplay	0	-	Allows the player’s Pokémon to use Z-moves.
839	decidium-z--held	key	z-crystals	0	-	Held: Allows Decidueye to upgrade Spirit Shackle into Sinister Arrow Raid.
840	incinium-z--held	key	z-crystals	0	-	Held: Allows Incineroar to upgrade Darkest Lariat into Malicious Moonsault.
841	primarium-z--held	key	z-crystals	0	-	Held: Allows Primarina to upgrade Sparkling Aria into Oceanic Operetta.
842	tapunium-z--held	key	z-crystals	0	-	Held: Allows the Tapus to upgrade Nature’s Madness into Guardian of Alola.
843	marshadium-z--held	key	z-crystals	0	-	Held: Allows Marshadow to upgrade Spectral Thief into Soul-Stealing 7 Star Strike.
844	aloraichium-z--held	key	z-crystals	0	-	Held: Allows Alola Raichu to upgrade Thunderbolt into Stoked Sparksurfer.
845	snorlium-z--held	key	z-crystals	0	-	Held: Allows Snorlax to upgrade Giga Impact into Pulverizing Pancake.
846	eevium-z--held	key	z-crystals	0	-	Held: Allows Eevee to upgrade Last Resort into Extreme Evoboost.
847	mewnium-z--held	key	z-crystals	0	-	Held: Allows Mew to upgrade Psychic into Genesis Supernova.
877	pikashunium-z--held	key	z-crystals	0	-	Held: Allows cap-wearing Pikachu to upgrade Thunderbolt into 10,000,000 Volt Thunderbolt.
878	forage-bag	key	gameplay	0	-	Holds ingredients during Mallow’s trial.
879	fishing-rod	key	gameplay	0	-	Allows the player to fish for Pokémon.
880	professors-mask	key	plot-advancement	0	-	Lost by Professor Kukui.
881	festival-ticket	key	gameplay	10	-	Hosts a mission in Festival Plaza.
882	sparkling-stone	key	plot-advancement	0	-	Required to obtain a Z-Ring.
883	adrenaline-orb	misc	held-items	4000	30	Makes wild Pokémon more likely to summon allies. Held: increases the holder’s Speed by one stage when affected by Intimidate.
884	zygarde-cube	key	gameplay	0	-	Contains collected Zygarde cells/cores. Can teach Zygarde moves.
885	ice-stone	misc	evolution	3000	30	Evolves an Alola Sandshrew into Alola Sandslash or an Alola Vulpix into Alola Ninetales.
886	ride-pager	key	unused	0	-	Allows the player to summon a Ride Pokémon.
887	beast-ball	pokeballs	special-balls	0	-	Tries to catch a wild Pokémon. Success rate is 5× for Ultra Beasts and 0.1× for all other Pokémon.
888	big-malasada	medicine	status-cures	350	30	Cures major status ailments and confusion.
889	red-nectar	misc	species-specific	300	10	Changes Oricorio to Baile Style.
890	yellow-nectar	misc	species-specific	300	10	Changes Oricorio to Pom-Pom Style.
891	pink-nectar	misc	species-specific	300	10	Changes Oricorio to Pa’u Style.
892	purple-nectar	misc	species-specific	300	10	Changes Oricorio to Sensu Style.
893	sun-flute	key	plot-advancement	0	-	Evolves Nebby into Solgaleo when used at the Altar of the Sunne.
894	moon-flute	key	plot-advancement	0	-	Evolves Nebby into Lunala when used at the Altar of the Moone.
895	enigmatic-card	key	plot-advancement	0	-	Unlocks Looker’s motel room on Route 8.
896	terrain-extender	misc	held-items	4000	60	Held: Extends the holder’s Terrain effects to 8 turns.
897	protective-pads	misc	held-items	4000	30	Held: Prevents side effects of contact moves used on the holder.
898	electric-seed	misc	held-items	4000	10	Held: Consumed on Electric Terrain and raises the holder’s Defense by one stage.
899	psychic-seed	misc	held-items	4000	10	Held: Consumed on Psychic Terrain and raises the holder’s Special Defense by one stage.
900	misty-seed	misc	held-items	4000	10	Held: Consumed on Misty Terrain and raises the holder’s Special Defense by one stage.
901	grassy-seed	misc	held-items	4000	10	Held: Consumed on Grassy Terrain and raises the holder’s Defense by one stage.
902	fighting-memory	misc	memories	1000	50	Held: Changes Silvally to its Fighting form. Changes Multi-Attack’s type to Fighting.
903	flying-memory	misc	memories	1000	50	Held: Changes Silvally to its Flying form. Changes Multi-Attack’s type to Flying.
904	poison-memory	misc	memories	1000	50	Held: Changes Silvally to its Poison form. Changes Multi-Attack’s type to Poison.
905	ground-memory	misc	memories	1000	50	Held: Changes Silvally to its Ground form. Changes Multi-Attack’s type to Ground.
906	rock-memory	misc	memories	1000	50	Held: Changes Silvally to its Rock form. Changes Multi-Attack’s type to Rock.
907	bug-memory	misc	memories	1000	50	Held: Changes Silvally to its Bug form. Changes Multi-Attack’s type to Bug.
908	ghost-memory	misc	memories	1000	50	Held: Changes Silvally to its Ghost form. Changes Multi-Attack’s type to Ghost.
909	steel-memory	misc	memories	1000	50	Held: Changes Silvally to its Steel form. Changes Multi-Attack’s type to Steel.
910	fire-memory	misc	memories	1000	50	Held: Changes Silvally to its Fire form. Changes Multi-Attack’s type to Fire.
911	water-memory	misc	memories	1000	50	Held: Changes Silvally to its Water form. Changes Multi-Attack’s type to Water.
912	grass-memory	misc	memories	1000	50	Held: Changes Silvally to its Grass form. Changes Multi-Attack’s type to Grass.
913	electric-memory	misc	memories	1000	50	Held: Changes Silvally to its Electric form. Changes Multi-Attack’s type to Electric.
914	psychic-memory	misc	memories	1000	50	Held: Changes Silvally to its Psychic form. Changes Multi-Attack’s type to Psychic.
915	ice-memory	misc	memories	1000	50	Held: Changes Silvally to its Ice form. Changes Multi-Attack’s type to Ice.
916	dragon-memory	misc	memories	1000	50	Held: Changes Silvally to its Dragon form. Changes Multi-Attack’s type to Dragon.
917	dark-memory	misc	memories	1000	50	Held: Changes Silvally to its Dark form. Changes Multi-Attack’s type to Dark.
918	fairy-memory	misc	memories	1000	50	Held: Changes Silvally to its Fairy form. Changes Multi-Attack’s type to Fairy.
919	bike--green	key	unused	0	-	XXX new effect for bike--green
920	storage-key--galactic-warehouse	key	unused	0	-	XXX new effect for storage-key--galactic-warehouse
921	basement-key--goldenrod	key	unused	0	-	XXX new effect for basement-key--goldenrod
922	xtransceiver--red	key	unused	0	-	XXX new effect for xtranceiver--red
923	xtransceiver--yellow	key	unused	0	-	XXX new effect for xtranceiver--yellow
924	dna-splicers--merge	key	unused	0	-	XXX new effect for dna-splicers--merge
925	dna-splicers--split	key	unused	0	-	XXX new effect for dna-splicers--split
926	dropped-item--red	key	unused	0	-	XXX new effect for dropped-item--red
927	dropped-item--yellow	key	unused	0	-	XXX new effect for dropped-item--yellow
928	holo-caster--green	key	unused	0	-	XXX new effect for holo-caster--green
929	bike--yellow	key	unused	0	-	XXX new effect for bike--yellow
930	holo-caster--red	key	unused	0	-	XXX new effect for holo-caster--red
931	basement-key--new-mauville	key	unused	0	-	XXX new effect for basement-key--new-mauville
932	storage-key--sea-mauville	key	unused	0	-	XXX new effect for storage-key--sea-mauville
933	ss-ticket--hoenn	key	unused	0	-	XXX new effect for ss-ticket--hoenn
934	contest-costume--dress	key	unused	0	-	XXX new effect for contest-costume--dress
935	meteorite--2	key	unused	0	-	XXX new effect for meteorite--2
936	meteorite--3	key	unused	0	-	XXX new effect for meteorite--3
937	meteorite--4	key	unused	0	-	XXX new effect for meteorite--4
938	normalium-z--bag	key	unused	0	-	XXX new effect for normalium-z--bag
939	firium-z--bag	key	unused	0	-	XXX new effect for firium-z--bag
940	waterium-z--bag	key	unused	0	-	XXX new effect for waterium-z--bag
941	electrium-z--bag	key	unused	0	-	XXX new effect for electrium-z--bag
942	grassium-z--bag	key	unused	0	-	XXX new effect for grassium-z--bag
943	icium-z--bag	key	unused	0	-	XXX new effect for icium-z--bag
944	fightinium-z--bag	key	unused	0	-	XXX new effect for fightinium-z--bag
945	poisonium-z--bag	key	unused	0	-	XXX new effect for poisonium-z--bag
946	groundium-z--bag	key	unused	0	-	XXX new effect for groundium-z--bag
947	flyinium-z--bag	key	unused	0	-	XXX new effect for flyinium-z--bag
948	psychium-z--bag	key	unused	0	-	XXX new effect for psychium-z--bag
949	buginium-z--bag	key	unused	0	-	XXX new effect for buginium-z--bag
950	rockium-z--bag	key	unused	0	-	XXX new effect for rockium-z--bag
951	ghostium-z--bag	key	unused	0	-	XXX new effect for ghostium-z--bag
952	dragonium-z--bag	key	unused	0	-	XXX new effect for dragonium-z--bag
953	darkinium-z--bag	key	unused	0	-	XXX new effect for darkinium-z--bag
954	steelium-z--bag	key	unused	0	-	XXX new effect for steelium-z--bag
955	fairium-z--bag	key	unused	0	-	XXX new effect for fairium-z--bag
956	pikanium-z--bag	key	unused	0	-	XXX new effect for pikanium-z--bag
957	decidium-z--bag	key	unused	0	-	XXX new effect for decidium-z--bag
958	incinium-z--bag	key	unused	0	-	XXX new effect for incinium-z--bag
959	primarium-z--bag	key	unused	0	-	XXX new effect for primarium-z--bag
960	tapunium-z--bag	key	unused	0	-	XXX new effect for tapunium-z--bag
961	marshadium-z--bag	key	unused	0	-	XXX new effect for marshadium-z--bag
962	aloraichium-z--bag	key	unused	0	-	XXX new effect for aloraichium-z--bag
963	snorlium-z--bag	key	unused	0	-	XXX new effect for snorlium-z--bag
964	eevium-z--bag	key	unused	0	-	XXX new effect for eevium-z--bag
965	mewnium-z--bag	key	unused	0	-	XXX new effect for mewnium-z--bag
966	pikashunium-z--bag	key	unused	0	-	XXX new effect for pikashunium-z--bag
967	solganium-z--held	key	unused	0	-	XXX new effect for solganium-z--held
968	lunalium-z--held	key	unused	0	-	XXX new effect for lunalium-z--held
969	ultranecrozium-z--held	key	unused	0	-	XXX new effect for ultranecrozium-z--held
970	mimikium-z--held	key	unused	0	-	XXX new effect for mimikium-z--held
971	lycanium-z--held	key	unused	0	-	XXX new effect for lycanium-z--held
972	kommonium-z--held	key	unused	0	-	XXX new effect for kommonium-z--held
973	solganium-z--bag	key	unused	0	-	XXX new effect for solganium-z--bag
974	lunalium-z--bag	key	unused	0	-	XXX new effect for lunalium-z--bag
975	ultranecrozium-z--bag	key	unused	0	-	XXX new effect for ultranecrozium-z--bag
976	mimikium-z--bag	key	unused	0	-	XXX new effect for mimikium-z--bag
977	lycanium-z--bag	key	unused	0	-	XXX new effect for lycanium-z--bag
978	kommonium-z--bag	key	unused	0	-	XXX new effect for kommonium-z--bag
979	z-power-ring	key	unused	0	-	XXX new effect for z-power-ring
980	pink-petal	key	unused	0	-	XXX new effect for pink-petal
981	orange-petal	key	unused	0	-	XXX new effect for orange-petal
982	blue-petal	key	unused	0	-	XXX new effect for blue-petal
983	red-petal	key	unused	0	-	XXX new effect for red-petal
984	green-petal	key	unused	0	-	XXX new effect for green-petal
985	yellow-petal	key	unused	0	-	XXX new effect for yellow-petal
986	purple-petal	key	unused	0	-	XXX new effect for purple-petal
987	rainbow-flower	key	unused	0	-	XXX new effect for rainbow-flower
988	surge-badge	key	unused	0	-	XXX new effect for surge-badge
989	n-solarizer--merge	key	unused	0	-	XXX new effect for n-solarizer--merge
990	n-lunarizer--merge	key	unused	0	-	XXX new effect for n-lunarizer--merge
991	n-solarizer--split	key	unused	0	-	XXX new effect for n-solarizer--split
992	n-lunarizer--split	key	unused	0	-	XXX new effect for n-lunarizer--split
993	ilimas-normalium-z	key	unused	0	-	XXX new effect for ilimas-normalium-z
994	left-poke-ball	key	unused	0	-	XXX new effect for left-poke-ball
995	roto-hatch	key	unused	0	-	XXX new effect for roto-hatch
996	roto-bargain	key	unused	0	-	XXX new effect for roto-bargain
997	roto-prize-money	key	unused	0	-	XXX new effect for roto-prize-money
998	roto-exp-points	key	unused	0	-	XXX new effect for roto-exp-points
999	roto-friendship	key	unused	0	-	XXX new effect for roto-friendship
1000	roto-encounter	key	unused	0	-	XXX new effect for roto-encounter
1001	roto-stealth	key	unused	0	-	XXX new effect for roto-stealth
1002	roto-hp-restore	key	unused	0	-	XXX new effect for roto-hp-restore
1003	roto-pp-restore	key	unused	0	-	XXX new effect for roto-pp-restore
1004	roto-boost	key	unused	0	-	XXX new effect for roto-boost
1005	roto-catch	key	unused	0	-	XXX new effect for roto-catch
1006	autograph	key	unused	0	-	-
1007	pokemon-box	key	unused	0	-	-
1008	medicine-pocket	key	unused	0	-	-
1009	candy-jar	key	unused	0	-	-
1010	power-up-pocket	key	unused	0	-	-
1011	clothing-trunk	key	unused	0	-	-
1012	catching-pocket	key	unused	0	-	-
1013	battle-pocket	key	unused	0	-	-
1014	silver-razz-berry	berries	catching-bonus	1000	10	-
1015	golden-razz-berry	berries	catching-bonus	5000	10	-
1016	silver-nanab-berry	berries	catching-bonus	1000	10	-
1017	golden-nanab-berry	berries	catching-bonus	5000	10	-
1018	silver-pinap-berry	berries	catching-bonus	1000	10	-
1019	golden-pinap-berry	berries	catching-bonus	5000	10	-
1020	secret-key--letsgo	key	plot-advancement	0	-	-
1021	ss-ticket--letsgo	key	plot-advancement	0	-	-
1022	parcel--letsgo	key	plot-advancement	0	-	-
1023	card-key--letsgo	key	plot-advancement	0	-	-
1024	stretchy-spring	misc	loot	20	30	-
1025	chalky-stone	misc	loot	60	30	-
1026	marble	misc	loot	300	30	-
1027	lone-earring	misc	loot	600	30	-
1028	beach-glass	misc	loot	800	30	-
1029	gold-leaf	misc	loot	1000	30	-
1030	silver-leaf	misc	loot	1000	30	-
1031	polished-mud-ball	misc	loot	1200	30	-
1032	tropical-shell	misc	loot	2000	30	-
1033	leaf-letter--pikachu	misc	loot	0	30	-
1034	leaf-letter--eevee	misc	loot	0	30	-
1035	small-bouquet	misc	loot	0	30	-
1036	lure	misc	spelunking	400	30	-
1037	super-lure	misc	spelunking	700	30	-
1038	max-lure	misc	spelunking	900	30	-
1039	pewter-crunchies	medicine	status-cures	250	30	-
1040	health-candy	medicine	vitamins	20	-	-
1041	mighty-candy	medicine	vitamins	20	-	-
1042	tough-candy	medicine	vitamins	20	-	-
1043	smart-candy	medicine	vitamins	20	-	-
1044	courage-candy	medicine	vitamins	20	-	-
1045	quick-candy	medicine	vitamins	20	-	-
1046	health-candy-l	medicine	vitamins	20	-	-
1047	mighty-candy-l	medicine	vitamins	20	-	-
1048	tough-candy-l	medicine	vitamins	20	-	-
1049	smart-candy-l	medicine	vitamins	20	-	-
1050	courage-candy-l	medicine	vitamins	20	-	-
1051	quick-candy-l	medicine	vitamins	20	-	-
1052	health-candy-xl	medicine	vitamins	20	-	-
1053	mighty-candy-xl	medicine	vitamins	20	-	-
1054	tough-candy-xl	medicine	vitamins	20	-	-
1055	smart-candy-xl	medicine	vitamins	20	-	-
1056	courage-candy-xl	medicine	vitamins	20	-	-
1057	quick-candy-xl	medicine	vitamins	20	-	-
1058	bulbasaur-candy	misc	species-candies	20	-	-
1059	charmander-candy	misc	species-candies	20	-	-
1060	squirtle-candy	misc	species-candies	20	-	-
1061	caterpie-candy	misc	species-candies	20	-	-
1062	weedle-candy	misc	species-candies	20	-	-
1063	pidgey-candy	misc	species-candies	20	-	-
1064	rattata-candy	misc	species-candies	20	-	-
1065	spearow-candy	misc	species-candies	20	-	-
1066	ekans-candy	misc	species-candies	20	-	-
1067	pikachu-candy	misc	species-candies	20	-	-
1068	sandshrew-candy	misc	species-candies	20	-	-
1069	nidoran-f-candy	misc	species-candies	20	-	-
1070	nidoran-m-candy	misc	species-candies	20	-	-
1071	clefairy-candy	misc	species-candies	20	-	-
1072	vulpix-candy	misc	species-candies	20	-	-
1073	jigglypuff-candy	misc	species-candies	20	-	-
1074	zubat-candy	misc	species-candies	20	-	-
1075	oddish-candy	misc	species-candies	20	-	-
1076	paras-candy	misc	species-candies	20	-	-
1077	venonat-candy	misc	species-candies	20	-	-
1078	diglett-candy	misc	species-candies	20	-	-
1079	meowth-candy	misc	species-candies	20	-	-
1080	psyduck-candy	misc	species-candies	20	-	-
1081	mankey-candy	misc	species-candies	20	-	-
1082	growlithe-candy	misc	species-candies	20	-	-
1083	poliwag-candy	misc	species-candies	20	-	-
1084	abra-candy	misc	species-candies	20	-	-
1085	machop-candy	misc	species-candies	20	-	-
1086	bellsprout-candy	misc	species-candies	20	-	-
1087	tentacool-candy	misc	species-candies	20	-	-
1088	geodude-candy	misc	species-candies	20	-	-
1089	ponyta-candy	misc	species-candies	20	-	-
1090	slowpoke-candy	misc	species-candies	20	-	-
1091	magnemite-candy	misc	species-candies	20	-	-
1092	farfetchd-candy	misc	species-candies	20	-	-
1093	doduo-candy	misc	species-candies	20	-	-
1094	seel-candy	misc	species-candies	20	-	-
1095	grimer-candy	misc	species-candies	20	-	-
1096	shellder-candy	misc	species-candies	20	-	-
1097	gastly-candy	misc	species-candies	20	-	-
1098	onix-candy	misc	species-candies	20	-	-
1099	drowzee-candy	misc	species-candies	20	-	-
1100	krabby-candy	misc	species-candies	20	-	-
1101	voltorb-candy	misc	species-candies	20	-	-
1102	exeggcute-candy	misc	species-candies	20	-	-
1103	cubone-candy	misc	species-candies	20	-	-
1104	hitmonlee-candy	misc	species-candies	20	-	-
1105	hitmonchan-candy	misc	species-candies	20	-	-
1106	lickitung-candy	misc	species-candies	20	-	-
1107	koffing-candy	misc	species-candies	20	-	-
1108	rhyhorn-candy	misc	species-candies	20	-	-
1109	chansey-candy	misc	species-candies	20	-	-
1110	tangela-candy	misc	species-candies	20	-	-
1111	kangaskhan-candy	misc	species-candies	20	-	-
1112	horsea-candy	misc	species-candies	20	-	-
1113	goldeen-candy	misc	species-candies	20	-	-
1114	staryu-candy	misc	species-candies	20	-	-
1115	mr-mime-candy	misc	species-candies	20	-	-
1116	scyther-candy	misc	species-candies	20	-	-
1117	jynx-candy	misc	species-candies	20	-	-
1118	electabuzz-candy	misc	species-candies	20	-	-
1119	pinsir-candy	misc	species-candies	20	-	-
1120	tauros-candy	misc	species-candies	20	-	-
1121	magikarp-candy	misc	species-candies	20	-	-
1122	lapras-candy	misc	species-candies	20	-	-
1123	ditto-candy	misc	species-candies	20	-	-
1124	eevee-candy	misc	species-candies	20	-	-
1125	porygon-candy	misc	species-candies	20	-	-
1126	omanyte-candy	misc	species-candies	20	-	-
1127	kabuto-candy	misc	species-candies	20	-	-
1128	aerodactyl-candy	misc	species-candies	20	-	-
1129	snorlax-candy	misc	species-candies	20	-	-
1130	articuno-candy	misc	species-candies	20	-	-
1131	zapdos-candy	misc	species-candies	20	-	-
1132	moltres-candy	misc	species-candies	20	-	-
1133	dratini-candy	misc	species-candies	20	-	-
1134	mewtwo-candy	misc	species-candies	20	-	-
1135	mew-candy	misc	species-candies	20	-	-
1136	meltan-candy	misc	species-candies	20	-	-
1137	magmar-candy	misc	species-candies	20	-	-
1138	endorsement	key	plot-advancement	0	-	-
1139	pokemon-box-link	key	gameplay	0	-	-
1140	wishing-star	key	plot-advancement	0	-	-
1141	dynamax-band	key	plot-advancement	0	-	-
1142	fishing-rod--galar	key	gameplay	0	-	-
1143	rotom-bike	key	gameplay	0	-	-
1144	sausages	misc	curry-ingredients	400	10	-
1145	bobs-food-tin	misc	curry-ingredients	950	80	-
1146	bachs-food-tin	misc	curry-ingredients	950	80	-
1147	tin-of-beans	misc	curry-ingredients	400	80	-
1148	bread	misc	curry-ingredients	150	10	-
1149	pasta	misc	curry-ingredients	150	10	-
1150	mixed-mushrooms	misc	curry-ingredients	400	10	-
1151	smoke-poke-tail	misc	curry-ingredients	2200	10	-
1152	large-leek	misc	curry-ingredients	2200	20	-
1153	fancy-apple	misc	curry-ingredients	2200	20	-
1154	brittle-bones	misc	curry-ingredients	950	30	-
1155	pack-of-potatoes	misc	curry-ingredients	400	10	-
1156	pungent-root	misc	curry-ingredients	950	10	-
1157	salad-mix	misc	curry-ingredients	400	10	-
1158	fried-food	misc	curry-ingredients	150	10	-
1159	boiled-egg	misc	curry-ingredients	2200	20	-
1160	camping-gear	key	gameplay	0	-	-
1161	rusted-sword	misc	species-specific	0	-	-
1162	rusted-shield	misc	species-specific	0	-	-
1163	fossilized-bird	misc	dex-completion	5000	100	-
1164	fossilized-fish	misc	dex-completion	5000	100	-
1165	fossilized-drake	misc	dex-completion	5000	100	-
1166	fossilized-dino	misc	dex-completion	5000	100	-
1167	strawberry-sweet	misc	evolution	500	10	-
1168	love-sweet	misc	evolution	500	10	-
1169	berry-sweet	misc	evolution	500	10	-
1170	clover-sweet	misc	evolution	500	10	-
1171	flower-sweet	misc	evolution	500	10	-
1172	star-sweet	misc	evolution	500	10	-
1173	ribbon-sweet	misc	evolution	500	10	-
1174	sweet-apple	misc	evolution	2200	30	-
1175	tart-apple	misc	evolution	2200	30	-
1176	throat-spray	misc	held-items	4000	30	-
1177	eject-pack	misc	held-items	4000	50	-
1178	heavy-duty-boots	misc	held-items	4000	80	-
1179	blunder-policy	misc	held-items	4000	80	-
1180	room-service	misc	held-items	4000	100	-
1181	utility-umbrella	misc	held-items	4000	60	-
1182	exp-candy-xs	medicine	vitamins	20	30	-
1183	exp-candy-s	medicine	vitamins	240	30	-
1184	exp-candy-m	medicine	vitamins	1000	30	-
1185	exp-candy-l	medicine	vitamins	3000	30	-
1186	exp-candy-xl	medicine	vitamins	10000	30	-
1187	dynamax-candy	medicine	vitamins	0	30	-
1188	tr00	machines	all-machines	4000	10	-
1189	tr01	machines	all-machines	6000	85	-
1190	tr02	machines	all-machines	10000	90	-
1191	tr03	machines	all-machines	16000	110	-
1192	tr04	machines	all-machines	10000	90	-
1193	tr05	machines	all-machines	10000	90	-
1194	tr06	machines	all-machines	16000	110	-
1195	tr07	machines	all-machines	6000	10	-
1196	tr08	machines	all-machines	10000	90	-
1197	tr09	machines	all-machines	16000	110	-
1198	tr10	machines	all-machines	16000	100	-
1199	tr11	machines	all-machines	10000	90	-
1200	tr12	machines	all-machines	4000	10	-
1201	tr13	machines	all-machines	2000	10	-
1202	tr14	machines	all-machines	2000	10	-
1203	tr15	machines	all-machines	16000	110	-
1204	tr16	machines	all-machines	6000	80	-
1205	tr17	machines	all-machines	4000	10	-
1206	tr18	machines	all-machines	6000	80	-
1207	tr19	machines	all-machines	4000	80	-
1208	tr20	machines	all-machines	6000	10	-
1209	tr21	machines	all-machines	4000	10	-
1210	tr22	machines	all-machines	10000	90	-
1211	tr23	machines	all-machines	4000	10	-
1212	tr24	machines	all-machines	16000	120	-
1213	tr25	machines	all-machines	6000	80	-
1214	tr26	machines	all-machines	2000	10	-
1215	tr27	machines	all-machines	4000	10	-
1216	tr28	machines	all-machines	16000	120	-
1217	tr29	machines	all-machines	4000	10	-
1218	tr30	machines	all-machines	4000	10	-
1219	tr31	machines	all-machines	10000	100	-
1220	tr32	machines	all-machines	6000	80	-
1221	tr33	machines	all-machines	6000	80	-
1222	tr34	machines	all-machines	6000	120	-
1223	tr35	machines	all-machines	6000	90	-
1224	tr36	machines	all-machines	10000	95	-
1225	tr37	machines	all-machines	4000	10	-
1226	tr38	machines	all-machines	4000	10	-
1227	tr39	machines	all-machines	16000	120	-
1228	tr40	machines	all-machines	2000	10	-
1229	tr41	machines	all-machines	6000	85	-
1230	tr42	machines	all-machines	10000	90	-
1231	tr43	machines	all-machines	16000	130	-
1232	tr44	machines	all-machines	4000	10	-
1233	tr45	machines	all-machines	10000	90	-
1234	tr46	machines	all-machines	4000	10	-
1235	tr47	machines	all-machines	6000	80	-
1236	tr48	machines	all-machines	4000	10	-
1237	tr49	machines	all-machines	4000	10	-
1238	tr50	machines	all-machines	10000	90	-
1239	tr51	machines	all-machines	4000	10	-
1240	tr52	machines	all-machines	6000	10	-
1241	tr53	machines	all-machines	16000	120	-
1242	tr54	machines	all-machines	4000	10	-
1243	tr55	machines	all-machines	16000	120	-
1244	tr56	machines	all-machines	6000	80	-
1245	tr57	machines	all-machines	6000	80	-
1246	tr58	machines	all-machines	6000	80	-
1247	tr59	machines	all-machines	6000	80	-
1248	tr60	machines	all-machines	6000	80	-
1249	tr61	machines	all-machines	10000	90	-
1250	tr62	machines	all-machines	6000	85	-
1251	tr63	machines	all-machines	6000	80	-
1252	tr64	machines	all-machines	16000	120	-
1253	tr65	machines	all-machines	10000	90	-
1254	tr66	machines	all-machines	16000	120	-
1255	tr67	machines	all-machines	10000	90	-
1256	tr68	machines	all-machines	4000	10	-
1257	tr69	machines	all-machines	6000	80	-
1258	tr70	machines	all-machines	10000	80	-
1259	tr71	machines	all-machines	16000	130	-
1260	tr72	machines	all-machines	16000	120	-
1261	tr73	machines	all-machines	16000	120	-
1262	tr74	machines	all-machines	10000	80	-
1263	tr75	machines	all-machines	16000	100	-
1264	tr76	machines	all-machines	6000	10	-
1265	tr77	machines	all-machines	6000	10	-
1266	tr78	machines	all-machines	10000	95	-
1267	tr79	machines	all-machines	6000	10	-
1268	tr80	machines	all-machines	6000	10	-
1269	tr81	machines	all-machines	6000	95	-
1270	tr82	machines	all-machines	4000	20	-
1271	tr83	machines	all-machines	4000	10	-
1272	tr84	machines	all-machines	6000	80	-
1273	tr85	machines	all-machines	2000	10	-
1274	tr86	machines	all-machines	10000	90	-
1275	tr87	machines	all-machines	6000	80	-
1276	tr88	machines	all-machines	6000	10	-
1277	tr89	machines	all-machines	16000	110	-
1278	tr90	machines	all-machines	10000	90	-
1279	tr91	machines	all-machines	4000	10	-
1280	tr92	machines	all-machines	6000	80	-
1281	tr93	machines	all-machines	10000	85	-
1282	tr94	machines	all-machines	10000	95	-
1283	tr95	machines	all-machines	6000	80	-
1284	tr96	machines	all-machines	10000	90	-
1285	tr97	machines	all-machines	10000	85	-
1286	tr98	machines	all-machines	6000	85	-
1287	tr99	machines	all-machines	6000	80	-
1288	tm00	machines	all-machines	10000	-	-
1289	lonely-mint	medicine	nature-mints	20	10	-
1290	adamant-mint	medicine	nature-mints	20	10	-
1291	naughty-mint	medicine	nature-mints	20	10	-
1292	brave-mint	medicine	nature-mints	20	10	-
1293	bold-mint	medicine	nature-mints	20	10	-
1294	impish-mint	medicine	nature-mints	20	10	-
1295	lax-mint	medicine	nature-mints	20	10	-
1296	relaxed-mint	medicine	nature-mints	20	10	-
1297	modest-mint	medicine	nature-mints	20	10	-
1298	mild-mint	medicine	nature-mints	20	10	-
1299	rash-mint	medicine	nature-mints	20	10	-
1300	quiet-mint	medicine	nature-mints	20	10	-
1301	calm-mint	medicine	nature-mints	20	10	-
1302	gentle-mint	medicine	nature-mints	20	10	-
1303	careful-mint	medicine	nature-mints	20	10	-
1304	sassy-mint	medicine	nature-mints	20	10	-
1305	timid-mint	medicine	nature-mints	20	10	-
1306	hasty-mint	medicine	nature-mints	20	10	-
1307	jolly-mint	medicine	nature-mints	20	10	-
1308	naive-mint	medicine	nature-mints	20	10	-
1309	serious-mint	medicine	nature-mints	20	10	-
1310	wishing-piece	misc	collectibles	20	50	-
1311	cracked-pot	misc	evolution	1600	80	-
1312	chipped-pot	misc	evolution	38000	80	-
1313	hi-tech-earbuds	key	gameplay	0	-	-
1314	fruit-bunch	misc	curry-ingredients	2200	10	-
1315	moomoo-cheese	misc	curry-ingredients	2200	20	-
1316	spice-mix	misc	curry-ingredients	400	50	-
1317	fresh-cream	misc	curry-ingredients	950	10	-
1318	packaged-curry	misc	curry-ingredients	950	10	-
1319	coconut-milk	misc	curry-ingredients	950	10	-
1320	instant-noodles	misc	curry-ingredients	150	10	-
1321	precooked-burger	misc	curry-ingredients	150	10	-
1322	gigantamix	misc	curry-ingredients	15000	50	-
1323	wishing-chip	key	unused	0	-	-
1324	rotom-bike--water-mode	key	unused	0	-	-
1325	catching-charm	key	gameplay	0	-	-
1326	old-letter	key	plot-advancement	0	-	-
1327	band-autograph	key	unused	0	-	-
1328	sonias-book	key	plot-advancement	0	-	-
1329	rotom-catalog	key	gameplay	0	-	-
1330	dynamax-crystal-and458	misc	dynamax-crystals	20	-	-
1331	dynamax-crystal-and15	misc	dynamax-crystals	20	-	-
1332	dynamax-crystal-and337	misc	dynamax-crystals	20	-	-
1333	dynamax-crystal-and603	misc	dynamax-crystals	20	-	-
1334	dynamax-crystal-and390	misc	dynamax-crystals	20	-	-
1335	dynamax-crystal-sgr6879	misc	dynamax-crystals	20	-	-
1336	dynamax-crystal-sgr6859	misc	dynamax-crystals	20	-	-
1337	dynamax-crystal-sgr6913	misc	dynamax-crystals	20	-	-
1338	dynamax-crystal-sgr7348	misc	dynamax-crystals	20	-	-
1339	dynamax-crystal-sgr7121	misc	dynamax-crystals	20	-	-
1340	dynamax-crystal-sgr6746	misc	dynamax-crystals	20	-	-
1341	dynamax-crystal-sgr7194	misc	dynamax-crystals	20	-	-
1342	dynamax-crystal-sgr7337	misc	dynamax-crystals	20	-	-
1343	dynamax-crystal-sgr7343	misc	dynamax-crystals	20	-	-
1344	dynamax-crystal-sgr6812	misc	dynamax-crystals	20	-	-
1345	dynamax-crystal-sgr7116	misc	dynamax-crystals	20	-	-
1346	dynamax-crystal-sgr7264	misc	dynamax-crystals	20	-	-
1347	dynamax-crystal-sgr7597	misc	dynamax-crystals	20	-	-
1348	dynamax-crystal-del7882	misc	dynamax-crystals	20	-	-
1349	dynamax-crystal-del7906	misc	dynamax-crystals	20	-	-
1350	dynamax-crystal-del7852	misc	dynamax-crystals	20	-	-
1351	dynamax-crystal-psc596	misc	dynamax-crystals	20	-	-
1352	dynamax-crystal-psc361	misc	dynamax-crystals	20	-	-
1353	dynamax-crystal-psc510	misc	dynamax-crystals	20	-	-
1354	dynamax-crystal-psc437	misc	dynamax-crystals	20	-	-
1355	dynamax-crystal-psc8773	misc	dynamax-crystals	20	-	-
1356	dynamax-crystal-lep1865	misc	dynamax-crystals	20	-	-
1357	dynamax-crystal-lep1829	misc	dynamax-crystals	20	-	-
1358	dynamax-crystal-boo5340	misc	dynamax-crystals	20	-	-
1359	dynamax-crystal-boo5506	misc	dynamax-crystals	20	-	-
1360	dynamax-crystal-boo5435	misc	dynamax-crystals	20	-	-
1361	dynamax-crystal-boo5602	misc	dynamax-crystals	20	-	-
1362	dynamax-crystal-boo5733	misc	dynamax-crystals	20	-	-
1363	dynamax-crystal-boo5235	misc	dynamax-crystals	20	-	-
1364	dynamax-crystal-boo5351	misc	dynamax-crystals	20	-	-
1365	dynamax-crystal-hya3748	misc	dynamax-crystals	20	-	-
1366	dynamax-crystal-hya3903	misc	dynamax-crystals	20	-	-
1367	dynamax-crystal-hya3418	misc	dynamax-crystals	20	-	-
1368	dynamax-crystal-hya3482	misc	dynamax-crystals	20	-	-
1369	dynamax-crystal-hya3845	misc	dynamax-crystals	20	-	-
1370	dynamax-crystal-eri1084	misc	dynamax-crystals	20	-	-
1371	dynamax-crystal-eri472	misc	dynamax-crystals	20	-	-
1372	dynamax-crystal-eri1666	misc	dynamax-crystals	20	-	-
1373	dynamax-crystal-eri897	misc	dynamax-crystals	20	-	-
1374	dynamax-crystal-eri1231	misc	dynamax-crystals	20	-	-
1375	dynamax-crystal-eri874	misc	dynamax-crystals	20	-	-
1376	dynamax-crystal-eri1298	misc	dynamax-crystals	20	-	-
1377	dynamax-crystal-eri1325	misc	dynamax-crystals	20	-	-
1378	dynamax-crystal-eri984	misc	dynamax-crystals	20	-	-
1379	dynamax-crystal-eri1464	misc	dynamax-crystals	20	-	-
1380	dynamax-crystal-eri1393	misc	dynamax-crystals	20	-	-
1381	dynamax-crystal-eri850	misc	dynamax-crystals	20	-	-
1382	dynamax-crystal-tau1409	misc	dynamax-crystals	20	-	-
1383	dynamax-crystal-tau1457	misc	dynamax-crystals	20	-	-
1384	dynamax-crystal-tau1165	misc	dynamax-crystals	20	-	-
1385	dynamax-crystal-tau1791	misc	dynamax-crystals	20	-	-
1386	dynamax-crystal-tau1910	misc	dynamax-crystals	20	-	-
1387	dynamax-crystal-tau1346	misc	dynamax-crystals	20	-	-
1388	dynamax-crystal-tau1373	misc	dynamax-crystals	20	-	-
1389	dynamax-crystal-tau1412	misc	dynamax-crystals	20	-	-
1390	dynamax-crystal-cma2491	misc	dynamax-crystals	20	-	-
1391	dynamax-crystal-cma2693	misc	dynamax-crystals	20	-	-
1392	dynamax-crystal-cma2294	misc	dynamax-crystals	20	-	-
1393	dynamax-crystal-cma2827	misc	dynamax-crystals	20	-	-
1394	dynamax-crystal-cma2282	misc	dynamax-crystals	20	-	-
1395	dynamax-crystal-cma2618	misc	dynamax-crystals	20	-	-
1396	dynamax-crystal-cma2657	misc	dynamax-crystals	20	-	-
1397	dynamax-crystal-cma2646	misc	dynamax-crystals	20	-	-
1398	dynamax-crystal-uma4905	misc	dynamax-crystals	20	-	-
1399	dynamax-crystal-uma4301	misc	dynamax-crystals	20	-	-
1400	dynamax-crystal-uma5191	misc	dynamax-crystals	20	-	-
1401	dynamax-crystal-uma5054	misc	dynamax-crystals	20	-	-
1402	dynamax-crystal-uma4295	misc	dynamax-crystals	20	-	-
1403	dynamax-crystal-uma4660	misc	dynamax-crystals	20	-	-
1404	dynamax-crystal-uma4554	misc	dynamax-crystals	20	-	-
1405	dynamax-crystal-uma4069	misc	dynamax-crystals	20	-	-
1406	dynamax-crystal-uma3569	misc	dynamax-crystals	20	-	-
1407	dynamax-crystal-uma3323	misc	dynamax-crystals	20	-	-
1408	dynamax-crystal-uma4033	misc	dynamax-crystals	20	-	-
1409	dynamax-crystal-uma4377	misc	dynamax-crystals	20	-	-
1410	dynamax-crystal-uma4375	misc	dynamax-crystals	20	-	-
1411	dynamax-crystal-uma4518	misc	dynamax-crystals	20	-	-
1412	dynamax-crystal-uma3594	misc	dynamax-crystals	20	-	-
1413	dynamax-crystal-vir5056	misc	dynamax-crystals	20	-	-
1414	dynamax-crystal-vir4825	misc	dynamax-crystals	20	-	-
1415	dynamax-crystal-vir4932	misc	dynamax-crystals	20	-	-
1416	dynamax-crystal-vir4540	misc	dynamax-crystals	20	-	-
1417	dynamax-crystal-vir4689	misc	dynamax-crystals	20	-	-
1418	dynamax-crystal-vir5338	misc	dynamax-crystals	20	-	-
1419	dynamax-crystal-vir4910	misc	dynamax-crystals	20	-	-
1420	dynamax-crystal-vir5315	misc	dynamax-crystals	20	-	-
1421	dynamax-crystal-vir5359	misc	dynamax-crystals	20	-	-
1422	dynamax-crystal-vir5409	misc	dynamax-crystals	20	-	-
1423	dynamax-crystal-vir5107	misc	dynamax-crystals	20	-	-
1424	dynamax-crystal-ari617	misc	dynamax-crystals	20	-	-
1425	dynamax-crystal-ari553	misc	dynamax-crystals	20	-	-
1426	dynamax-crystal-ari546	misc	dynamax-crystals	20	-	-
1427	dynamax-crystal-ari951	misc	dynamax-crystals	20	-	-
1428	dynamax-crystal-ori1713	misc	dynamax-crystals	20	-	-
1429	dynamax-crystal-ori2061	misc	dynamax-crystals	20	-	-
1430	dynamax-crystal-ori1790	misc	dynamax-crystals	20	-	-
1431	dynamax-crystal-ori1903	misc	dynamax-crystals	20	-	-
1432	dynamax-crystal-ori1948	misc	dynamax-crystals	20	-	-
1433	dynamax-crystal-ori2004	misc	dynamax-crystals	20	-	-
1434	dynamax-crystal-ori1852	misc	dynamax-crystals	20	-	-
1435	dynamax-crystal-ori1879	misc	dynamax-crystals	20	-	-
1436	dynamax-crystal-ori1899	misc	dynamax-crystals	20	-	-
1437	dynamax-crystal-ori1543	misc	dynamax-crystals	20	-	-
1438	dynamax-crystal-cas21	misc	dynamax-crystals	20	-	-
1439	dynamax-crystal-cas168	misc	dynamax-crystals	20	-	-
1440	dynamax-crystal-cas403	misc	dynamax-crystals	20	-	-
1441	dynamax-crystal-cas153	misc	dynamax-crystals	20	-	-
1442	dynamax-crystal-cas542	misc	dynamax-crystals	20	-	-
1443	dynamax-crystal-cas219	misc	dynamax-crystals	20	-	-
1444	dynamax-crystal-cas265	misc	dynamax-crystals	20	-	-
1445	dynamax-crystal-cnc3572	misc	dynamax-crystals	20	-	-
1446	dynamax-crystal-cnc3208	misc	dynamax-crystals	20	-	-
1447	dynamax-crystal-cnc3461	misc	dynamax-crystals	20	-	-
1448	dynamax-crystal-cnc3449	misc	dynamax-crystals	20	-	-
1449	dynamax-crystal-cnc3429	misc	dynamax-crystals	20	-	-
1450	dynamax-crystal-cnc3627	misc	dynamax-crystals	20	-	-
1451	dynamax-crystal-cnc3268	misc	dynamax-crystals	20	-	-
1452	dynamax-crystal-cnc3249	misc	dynamax-crystals	20	-	-
1453	dynamax-crystal-com4968	misc	dynamax-crystals	20	-	-
1454	dynamax-crystal-crv4757	misc	dynamax-crystals	20	-	-
1455	dynamax-crystal-crv4623	misc	dynamax-crystals	20	-	-
1456	dynamax-crystal-crv4662	misc	dynamax-crystals	20	-	-
1457	dynamax-crystal-crv4786	misc	dynamax-crystals	20	-	-
1458	dynamax-crystal-aur1708	misc	dynamax-crystals	20	-	-
1459	dynamax-crystal-aur2088	misc	dynamax-crystals	20	-	-
1460	dynamax-crystal-aur1605	misc	dynamax-crystals	20	-	-
1461	dynamax-crystal-aur2095	misc	dynamax-crystals	20	-	-
1462	dynamax-crystal-aur1577	misc	dynamax-crystals	20	-	-
1463	dynamax-crystal-aur1641	misc	dynamax-crystals	20	-	-
1464	dynamax-crystal-aur1612	misc	dynamax-crystals	20	-	-
1465	dynamax-crystal-pav7790	misc	dynamax-crystals	20	-	-
1466	dynamax-crystal-cet911	misc	dynamax-crystals	20	-	-
1467	dynamax-crystal-cet681	misc	dynamax-crystals	20	-	-
1468	dynamax-crystal-cet188	misc	dynamax-crystals	20	-	-
1469	dynamax-crystal-cet539	misc	dynamax-crystals	20	-	-
1470	dynamax-crystal-cet804	misc	dynamax-crystals	20	-	-
1471	dynamax-crystal-cep8974	misc	dynamax-crystals	20	-	-
1472	dynamax-crystal-cep8162	misc	dynamax-crystals	20	-	-
1473	dynamax-crystal-cep8238	misc	dynamax-crystals	20	-	-
1474	dynamax-crystal-cep8417	misc	dynamax-crystals	20	-	-
1475	dynamax-crystal-cen5267	misc	dynamax-crystals	20	-	-
1476	dynamax-crystal-cen5288	misc	dynamax-crystals	20	-	-
1477	dynamax-crystal-cen551	misc	dynamax-crystals	20	-	-
1478	dynamax-crystal-cen5459	misc	dynamax-crystals	20	-	-
1479	dynamax-crystal-cen5460	misc	dynamax-crystals	20	-	-
1480	dynamax-crystal-cmi2943	misc	dynamax-crystals	20	-	-
1481	dynamax-crystal-cmi2845	misc	dynamax-crystals	20	-	-
1482	dynamax-crystal-equ8131	misc	dynamax-crystals	20	-	-
1483	dynamax-crystal-vul7405	misc	dynamax-crystals	20	-	-
1484	dynamax-crystal-umi424	misc	dynamax-crystals	20	-	-
1485	dynamax-crystal-umi5563	misc	dynamax-crystals	20	-	-
1486	dynamax-crystal-umi5735	misc	dynamax-crystals	20	-	-
1487	dynamax-crystal-umi6789	misc	dynamax-crystals	20	-	-
1488	dynamax-crystal-crt4287	misc	dynamax-crystals	20	-	-
1489	dynamax-crystal-lyr7001	misc	dynamax-crystals	20	-	-
1490	dynamax-crystal-lyr7178	misc	dynamax-crystals	20	-	-
1491	dynamax-crystal-lyr7106	misc	dynamax-crystals	20	-	-
1492	dynamax-crystal-lyr7298	misc	dynamax-crystals	20	-	-
1493	dynamax-crystal-ara6585	misc	dynamax-crystals	20	-	-
1494	dynamax-crystal-sco6134	misc	dynamax-crystals	20	-	-
1495	dynamax-crystal-sco6527	misc	dynamax-crystals	20	-	-
1496	dynamax-crystal-sco6553	misc	dynamax-crystals	20	-	-
1497	dynamax-crystal-sco5953	misc	dynamax-crystals	20	-	-
1498	dynamax-crystal-sco5984	misc	dynamax-crystals	20	-	-
1499	dynamax-crystal-sco6508	misc	dynamax-crystals	20	-	-
1500	dynamax-crystal-sco6084	misc	dynamax-crystals	20	-	-
1501	dynamax-crystal-sco5944	misc	dynamax-crystals	20	-	-
1502	dynamax-crystal-sco6630	misc	dynamax-crystals	20	-	-
1503	dynamax-crystal-sco6027	misc	dynamax-crystals	20	-	-
1504	dynamax-crystal-sco6247	misc	dynamax-crystals	20	-	-
1505	dynamax-crystal-sco6252	misc	dynamax-crystals	20	-	-
1506	dynamax-crystal-sco5928	misc	dynamax-crystals	20	-	-
1507	dynamax-crystal-sco6241	misc	dynamax-crystals	20	-	-
1508	dynamax-crystal-sco6165	misc	dynamax-crystals	20	-	-
1509	dynamax-crystal-tri544	misc	dynamax-crystals	20	-	-
1510	dynamax-crystal-leo3982	misc	dynamax-crystals	20	-	-
1511	dynamax-crystal-leo4534	misc	dynamax-crystals	20	-	-
1512	dynamax-crystal-leo4357	misc	dynamax-crystals	20	-	-
1513	dynamax-crystal-leo4057	misc	dynamax-crystals	20	-	-
1514	dynamax-crystal-leo4359	misc	dynamax-crystals	20	-	-
1515	dynamax-crystal-leo4031	misc	dynamax-crystals	20	-	-
1516	dynamax-crystal-leo3852	misc	dynamax-crystals	20	-	-
1517	dynamax-crystal-leo3905	misc	dynamax-crystals	20	-	-
1518	dynamax-crystal-leo3773	misc	dynamax-crystals	20	-	-
1519	dynamax-crystal-gru8425	misc	dynamax-crystals	20	-	-
1520	dynamax-crystal-gru8636	misc	dynamax-crystals	20	-	-
1521	dynamax-crystal-gru8353	misc	dynamax-crystals	20	-	-
1522	dynamax-crystal-lib5685	misc	dynamax-crystals	20	-	-
1523	dynamax-crystal-lib5531	misc	dynamax-crystals	20	-	-
1524	dynamax-crystal-lib5787	misc	dynamax-crystals	20	-	-
1525	dynamax-crystal-lib5603	misc	dynamax-crystals	20	-	-
1526	dynamax-crystal-pup3165	misc	dynamax-crystals	20	-	-
1527	dynamax-crystal-pup3185	misc	dynamax-crystals	20	-	-
1528	dynamax-crystal-pup3045	misc	dynamax-crystals	20	-	-
1529	dynamax-crystal-cyg7924	misc	dynamax-crystals	20	-	-
1530	dynamax-crystal-cyg7417	misc	dynamax-crystals	20	-	-
1531	dynamax-crystal-cyg7796	misc	dynamax-crystals	20	-	-
1532	dynamax-crystal-cyg8301	misc	dynamax-crystals	20	-	-
1533	dynamax-crystal-cyg7949	misc	dynamax-crystals	20	-	-
1534	dynamax-crystal-cyg7528	misc	dynamax-crystals	20	-	-
1535	dynamax-crystal-oct7228	misc	dynamax-crystals	20	-	-
1536	dynamax-crystal-col1956	misc	dynamax-crystals	20	-	-
1537	dynamax-crystal-col2040	misc	dynamax-crystals	20	-	-
1538	dynamax-crystal-col2177	misc	dynamax-crystals	20	-	-
1539	dynamax-crystal-gem2990	misc	dynamax-crystals	20	-	-
1540	dynamax-crystal-gem2891	misc	dynamax-crystals	20	-	-
1541	dynamax-crystal-gem2421	misc	dynamax-crystals	20	-	-
1542	dynamax-crystal-gem2473	misc	dynamax-crystals	20	-	-
1543	dynamax-crystal-gem2216	misc	dynamax-crystals	20	-	-
1544	dynamax-crystal-gem2777	misc	dynamax-crystals	20	-	-
1545	dynamax-crystal-gem2650	misc	dynamax-crystals	20	-	-
1546	dynamax-crystal-gem2286	misc	dynamax-crystals	20	-	-
1547	dynamax-crystal-gem2484	misc	dynamax-crystals	20	-	-
1548	dynamax-crystal-gem2930	misc	dynamax-crystals	20	-	-
1549	dynamax-crystal-peg8775	misc	dynamax-crystals	20	-	-
1550	dynamax-crystal-peg8781	misc	dynamax-crystals	20	-	-
1551	dynamax-crystal-peg39	misc	dynamax-crystals	20	-	-
1552	dynamax-crystal-peg8308	misc	dynamax-crystals	20	-	-
1553	dynamax-crystal-peg8650	misc	dynamax-crystals	20	-	-
1554	dynamax-crystal-peg8634	misc	dynamax-crystals	20	-	-
1555	dynamax-crystal-peg8684	misc	dynamax-crystals	20	-	-
1556	dynamax-crystal-peg8450	misc	dynamax-crystals	20	-	-
1557	dynamax-crystal-peg8880	misc	dynamax-crystals	20	-	-
1558	dynamax-crystal-peg8905	misc	dynamax-crystals	20	-	-
1559	dynamax-crystal-oph6556	misc	dynamax-crystals	20	-	-
1560	dynamax-crystal-oph6378	misc	dynamax-crystals	20	-	-
1561	dynamax-crystal-oph6603	misc	dynamax-crystals	20	-	-
1562	dynamax-crystal-oph6149	misc	dynamax-crystals	20	-	-
1563	dynamax-crystal-oph6056	misc	dynamax-crystals	20	-	-
1564	dynamax-crystal-oph6075	misc	dynamax-crystals	20	-	-
1565	dynamax-crystal-ser5854	misc	dynamax-crystals	20	-	-
1566	dynamax-crystal-ser7141	misc	dynamax-crystals	20	-	-
1567	dynamax-crystal-ser5879	misc	dynamax-crystals	20	-	-
1568	dynamax-crystal-her6406	misc	dynamax-crystals	20	-	-
1569	dynamax-crystal-her6148	misc	dynamax-crystals	20	-	-
1570	dynamax-crystal-her6410	misc	dynamax-crystals	20	-	-
1571	dynamax-crystal-her6526	misc	dynamax-crystals	20	-	-
1572	dynamax-crystal-her6117	misc	dynamax-crystals	20	-	-
1573	dynamax-crystal-her6008	misc	dynamax-crystals	20	-	-
1574	dynamax-crystal-per936	misc	dynamax-crystals	20	-	-
1575	dynamax-crystal-per1017	misc	dynamax-crystals	20	-	-
1576	dynamax-crystal-per1131	misc	dynamax-crystals	20	-	-
1577	dynamax-crystal-per1228	misc	dynamax-crystals	20	-	-
1578	dynamax-crystal-per834	misc	dynamax-crystals	20	-	-
1579	dynamax-crystal-per941	misc	dynamax-crystals	20	-	-
1580	dynamax-crystal-phe99	misc	dynamax-crystals	20	-	-
1581	dynamax-crystal-phe338	misc	dynamax-crystals	20	-	-
1582	dynamax-crystal-vel3634	misc	dynamax-crystals	20	-	-
1583	dynamax-crystal-vel3485	misc	dynamax-crystals	20	-	-
1584	dynamax-crystal-vel3734	misc	dynamax-crystals	20	-	-
1585	dynamax-crystal-aqr8232	misc	dynamax-crystals	20	-	-
1586	dynamax-crystal-aqr8414	misc	dynamax-crystals	20	-	-
1587	dynamax-crystal-aqr8709	misc	dynamax-crystals	20	-	-
1588	dynamax-crystal-aqr8518	misc	dynamax-crystals	20	-	-
1589	dynamax-crystal-aqr7950	misc	dynamax-crystals	20	-	-
1590	dynamax-crystal-aqr8499	misc	dynamax-crystals	20	-	-
1591	dynamax-crystal-aqr8610	misc	dynamax-crystals	20	-	-
1592	dynamax-crystal-aqr8264	misc	dynamax-crystals	20	-	-
1593	dynamax-crystal-cru4853	misc	dynamax-crystals	20	-	-
1594	dynamax-crystal-cru4730	misc	dynamax-crystals	20	-	-
1595	dynamax-crystal-cru4763	misc	dynamax-crystals	20	-	-
1596	dynamax-crystal-cru4700	misc	dynamax-crystals	20	-	-
1597	dynamax-crystal-cru4656	misc	dynamax-crystals	20	-	-
1598	dynamax-crystal-psa8728	misc	dynamax-crystals	20	-	-
1599	dynamax-crystal-tra6217	misc	dynamax-crystals	20	-	-
1600	dynamax-crystal-cap7776	misc	dynamax-crystals	20	-	-
1601	dynamax-crystal-cap7754	misc	dynamax-crystals	20	-	-
1602	dynamax-crystal-cap8278	misc	dynamax-crystals	20	-	-
1603	dynamax-crystal-cap8322	misc	dynamax-crystals	20	-	-
1604	dynamax-crystal-cap7773	misc	dynamax-crystals	20	-	-
1605	dynamax-crystal-sge7479	misc	dynamax-crystals	20	-	-
1606	dynamax-crystal-car2326	misc	dynamax-crystals	20	-	-
1607	dynamax-crystal-car3685	misc	dynamax-crystals	20	-	-
1608	dynamax-crystal-car3307	misc	dynamax-crystals	20	-	-
1609	dynamax-crystal-car3699	misc	dynamax-crystals	20	-	-
1610	dynamax-crystal-dra5744	misc	dynamax-crystals	20	-	-
1611	dynamax-crystal-dra5291	misc	dynamax-crystals	20	-	-
1612	dynamax-crystal-dra6705	misc	dynamax-crystals	20	-	-
1613	dynamax-crystal-dra6536	misc	dynamax-crystals	20	-	-
1614	dynamax-crystal-dra7310	misc	dynamax-crystals	20	-	-
1615	dynamax-crystal-dra6688	misc	dynamax-crystals	20	-	-
1616	dynamax-crystal-dra4434	misc	dynamax-crystals	20	-	-
1617	dynamax-crystal-dra6370	misc	dynamax-crystals	20	-	-
1618	dynamax-crystal-dra7462	misc	dynamax-crystals	20	-	-
1619	dynamax-crystal-dra6396	misc	dynamax-crystals	20	-	-
1620	dynamax-crystal-dra6132	misc	dynamax-crystals	20	-	-
1621	dynamax-crystal-dra6636	misc	dynamax-crystals	20	-	-
1622	dynamax-crystal-cvn4915	misc	dynamax-crystals	20	-	-
1623	dynamax-crystal-cvn4785	misc	dynamax-crystals	20	-	-
1624	dynamax-crystal-cvn4846	misc	dynamax-crystals	20	-	-
1625	dynamax-crystal-aql7595	misc	dynamax-crystals	20	-	-
1626	dynamax-crystal-aql7557	misc	dynamax-crystals	20	-	-
1627	dynamax-crystal-aql7525	misc	dynamax-crystals	20	-	-
1628	dynamax-crystal-aql7602	misc	dynamax-crystals	20	-	-
1629	dynamax-crystal-aql7235	misc	dynamax-crystals	20	-	-
1630	max-honey	medicine	revival	4000	30	-
1631	max-mushrooms	battle	stat-boosts	6000	30	-
1632	galarica-twig	misc	collectibles	20	30	-
1633	galarica-cuff	misc	collectibles	3000	30	-
1634	style-card	key	gameplay	0	-	-
1635	armor-pass	key	plot-advancement	0	-	-
1636	rotom-bike--sparkling-white	key	unused	0	-	-
1637	rotom-bike--glistening-black	key	unused	0	-	-
1638	exp-charm	key	gameplay	0	-	-
1639	armorite-ore	misc	collectibles	20	30	-
1640	mark-charm	key	gameplay	0	-	-
1641	reins-of-unity--merge	key	unused	0	-	-
1642	reins-of-unity--split	key	unused	0	-	-
1643	galarica-wreath	misc	collectibles	3000	30	-
1644	legendary-clue-1	key	plot-advancement	0	-	-
1645	legendary-clue-2	key	plot-advancement	0	-	-
1646	legendary-clue-3	key	plot-advancement	0	-	-
1647	legendary-clue-question	key	plot-advancement	0	-	-
1648	crown-pass	key	plot-advancement	0	-	-
1649	wooden-crown	key	plot-advancement	0	-	-
1650	radiant-petal	key	plot-advancement	0	-	-
1651	white-mane-hair	key	plot-advancement	0	-	-
1652	black-mane-hair	key	plot-advancement	0	-	-
1653	iceroot-carrot	key	plot-advancement	0	-	-
1654	shaderoot-carrot	key	plot-advancement	0	-	-
1655	dynite-ore	misc	collectibles	20	30	-
1656	carrot-seeds	key	plot-advancement	20	-	-
1657	ability-patch	medicine	vitamins	20	-	-
1658	reins-of-unity	key	plot-advancement	0	-	-
1659	adamant-crystal	key	gameplay	0	-	-
1660	lustrous-globe	key	gameplay	0	-	-
1661	griseous-core	key	gameplay	0	-	-
1662	blank-plate	misc	plates	0	-	-
1663	strange-ball	key	event-items	0	-	-
1664	legend-plate	misc	plates	0	-	-
1665	rotom-phone	key	event-items	0	-	-
1666	sandwich	key	event-items	0	-	-
1667	koraidons-poke-ball	key	event-items	0	-	-
1668	miraidons-poke-ball	key	event-items	0	-	-
1669	tera-orb	key	event-items	0	-	-
1670	scarlet-book	key	event-items	0	-	-
1671	violet-book	key	event-items	0	-	-
1672	kofus-wallet	key	plot-advancement	0	-	-
1673	tiny-bamboo-shoot	misc	loot	375	-	-
1674	big-bamboo-shoot	misc	loot	1500	-	-
1675	scroll-of-darkness	key	gameplay	0	-	-
1676	scroll-of-waters	key	gameplay	0	-	-
1677	malicious-armor	misc	evolution	750	-	-
1678	normal-tera-shard	misc	tera-shard	500	-	-
1679	fire-tera-shard	misc	tera-shard	500	-	-
1680	water-tera-shard	misc	tera-shard	500	-	-
1681	electric-tera-shard	misc	tera-shard	500	-	-
1682	grass-tera-shard	misc	tera-shard	500	-	-
1683	ice-tera-shard	misc	tera-shard	500	-	-
1684	fighting-tera-shard	misc	tera-shard	500	-	-
1685	poison-tera-shard	misc	tera-shard	500	-	-
1686	ground-tera-shard	misc	tera-shard	500	-	-
1687	flying-tera-shard	misc	tera-shard	500	-	-
1688	psychic-tera-shard	misc	tera-shard	500	-	-
1689	bug-tera-shard	misc	tera-shard	500	-	-
1690	rock-tera-shard	misc	tera-shard	500	-	-
1691	ghost-tera-shard	misc	tera-shard	500	-	-
1692	dragon-tera-shard	misc	tera-shard	500	-	-
1693	dark-tera-shard	misc	tera-shard	500	-	-
1694	steel-tera-shard	misc	tera-shard	500	-	-
1695	fairy-tera-shard	misc	tera-shard	500	-	-
1696	booster-energy	misc	held-items	0	-	-
1697	ability-shield	misc	held-items	20000	-	-
1698	clear-amulet	misc	held-items	30000	-	-
1699	mirror-herb	misc	held-items	30000	-	-
1700	punching-glove	misc	held-items	15000	-	-
1701	covert-cloak	misc	held-items	20000	-	-
1702	loaded-dice	misc	held-items	20000	-	-
1703	baguette	misc	sandwich-ingredients	0	-	-
1704	mayonnaise	misc	sandwich-ingredients	120	-	-
1705	ketchup	misc	sandwich-ingredients	110	-	-
1706	mustard	misc	sandwich-ingredients	130	-	-
1707	butter	misc	sandwich-ingredients	250	-	-
1708	peanut-butter	misc	sandwich-ingredients	300	-	-
1709	chili-sauce	misc	sandwich-ingredients	320	-	-
1710	salt	misc	sandwich-ingredients	90	-	-
1711	pepper	misc	sandwich-ingredients	100	-	-
1712	yogurt	misc	sandwich-ingredients	140	-	-
1713	whipped-cream	misc	sandwich-ingredients	200	-	-
1714	cream-cheese	misc	sandwich-ingredients	280	-	-
1715	jam	misc	sandwich-ingredients	120	-	-
1716	marmalade	misc	sandwich-ingredients	260	-	-
1717	olive-oil	misc	sandwich-ingredients	300	-	-
1718	vinegar	misc	sandwich-ingredients	300	-	-
1719	sweet-herba-mystica	misc	sandwich-ingredients	0	-	-
1720	salty-herba-mystica	misc	sandwich-ingredients	0	-	-
1721	sour-herba-mystica	misc	sandwich-ingredients	0	-	-
1722	bitter-herba-mystica	misc	sandwich-ingredients	0	-	-
1723	spicy-herba-mystica	misc	sandwich-ingredients	0	-	-
1724	lettuce	misc	sandwich-ingredients	90	-	-
1725	tomato	misc	sandwich-ingredients	100	-	-
1726	cherry-tomatoes	misc	sandwich-ingredients	120	-	-
1727	cucumber	misc	sandwich-ingredients	130	-	-
1728	pickle	misc	sandwich-ingredients	90	-	-
1729	onion	misc	sandwich-ingredients	130	-	-
1730	red-onion	misc	sandwich-ingredients	230	-	-
1731	green-bell-pepper	misc	sandwich-ingredients	230	-	-
1732	red-bell-pepper	misc	sandwich-ingredients	240	-	-
1733	yellow-bell-pepper	misc	sandwich-ingredients	240	-	-
1734	avocado	misc	sandwich-ingredients	180	-	-
1735	bacon	misc	sandwich-ingredients	150	-	-
1736	ham	misc	sandwich-ingredients	170	-	-
1737	prosciutto	misc	sandwich-ingredients	200	-	-
1738	chorizo	misc	sandwich-ingredients	150	-	-
1739	herbed-sausage	misc	sandwich-ingredients	400	-	-
1740	hamburger	misc	sandwich-ingredients	380	-	-
1741	klawf-stick	misc	sandwich-ingredients	500	-	-
1742	smoked-fillet	misc	sandwich-ingredients	330	-	-
1743	fried-fillet	misc	sandwich-ingredients	360	-	-
1744	egg	misc	sandwich-ingredients	80	-	-
1745	potato-tortilla	misc	sandwich-ingredients	250	-	-
1746	tofu	misc	sandwich-ingredients	260	-	-
1747	rice	misc	sandwich-ingredients	280	-	-
1748	noodles	misc	sandwich-ingredients	280	-	-
1749	potato-salad	misc	sandwich-ingredients	110	-	-
1750	cheese	misc	sandwich-ingredients	120	-	-
1751	banana	misc	sandwich-ingredients	80	-	-
1752	strawberry	misc	sandwich-ingredients	140	-	-
1753	apple	misc	sandwich-ingredients	130	-	-
1754	kiwi	misc	sandwich-ingredients	180	-	-
1755	pineapple	misc	sandwich-ingredients	250	-	-
1756	jalapeno	misc	sandwich-ingredients	220	-	-
1757	horseradish	misc	sandwich-ingredients	410	-	-
1758	curry-powder	misc	sandwich-ingredients	450	-	-
1759	wasabi	misc	sandwich-ingredients	330	-	-
1760	watercress	misc	sandwich-ingredients	270	-	-
1761	basil	misc	sandwich-ingredients	280	-	-
1762	venonat-fang	misc	tm-materials	80	-	-
1763	diglett-dirt	misc	tm-materials	80	-	-
1764	meowth-fur	misc	tm-materials	80	-	-
1765	psyduck-down	misc	tm-materials	60	-	-
1766	mankey-fur	misc	tm-materials	80	-	-
1767	growlithe-fur	misc	tm-materials	80	-	-
1768	slowpoke-claw	misc	tm-materials	80	-	-
1769	magnemite-screw	misc	tm-materials	80	-	-
1770	grimer-toxin	misc	tm-materials	80	-	-
1771	shellder-pearl	misc	tm-materials	140	-	-
1772	gastly-gas	misc	tm-materials	80	-	-
1773	drowzee-fur	misc	tm-materials	60	-	-
1774	voltorb-sparks	misc	tm-materials	80	-	-
1775	scyther-claw	misc	tm-materials	100	-	-
1776	tauros-hair	misc	tm-materials	100	-	-
1777	magikarp-scales	misc	tm-materials	40	-	-
1778	ditto-goo	misc	tm-materials	300	-	-
1779	eevee-fur	misc	tm-materials	200	-	-
1780	dratini-scales	misc	tm-materials	200	-	-
1781	pichu-fur	misc	tm-materials	100	-	-
1782	igglybuff-fluff	misc	tm-materials	60	-	-
1783	mareep-wool	misc	tm-materials	60	-	-
1784	hoppip-leaf	misc	tm-materials	60	-	-
1785	sunkern-leaf	misc	tm-materials	60	-	-
1786	murkrow-bauble	misc	tm-materials	100	-	-
1787	misdreavus-tears	misc	tm-materials	80	-	-
1788	girafarig-fur	misc	tm-materials	100	-	-
1789	pineco-husk	misc	tm-materials	80	-	-
1790	dunsparce-scales	misc	tm-materials	120	-	-
1791	qwilfish-spines	misc	tm-materials	80	-	-
1792	heracross-claw	misc	tm-materials	100	-	-
1793	sneasel-claw	misc	tm-materials	80	-	-
1794	teddiursa-claw	misc	tm-materials	80	-	-
1795	delibird-parcel	misc	tm-materials	240	-	-
1796	houndour-fang	misc	tm-materials	80	-	-
1797	phanpy-nail	misc	tm-materials	80	-	-
1798	stantler-hair	misc	tm-materials	120	-	-
1799	larvitar-claw	misc	tm-materials	200	-	-
1800	wingull-feather	misc	tm-materials	60	-	-
1801	ralts-dust	misc	tm-materials	80	-	-
1802	surskit-syrup	misc	tm-materials	60	-	-
1803	shroomish-spores	misc	tm-materials	80	-	-
1804	slakoth-fur	misc	tm-materials	60	-	-
1805	makuhita-sweat	misc	tm-materials	80	-	-
1806	azurill-fur	misc	tm-materials	60	-	-
1807	sableye-gem	misc	tm-materials	200	-	-
1808	meditite-sweat	misc	tm-materials	80	-	-
1809	gulpin-mucus	misc	tm-materials	80	-	-
1810	numel-lava	misc	tm-materials	80	-	-
1811	torkoal-coal	misc	tm-materials	140	-	-
1812	spoink-pearl	misc	tm-materials	140	-	-
1813	cacnea-needle	misc	tm-materials	80	-	-
1814	swablu-fluff	misc	tm-materials	100	-	-
1815	zangoose-claw	misc	tm-materials	120	-	-
1816	seviper-fang	misc	tm-materials	120	-	-
1817	barboach-slime	misc	tm-materials	60	-	-
1818	shuppet-scrap	misc	tm-materials	80	-	-
1819	tropius-leaf	misc	tm-materials	140	-	-
1820	snorunt-fur	misc	tm-materials	80	-	-
1821	luvdisc-scales	misc	tm-materials	160	-	-
1822	bagon-scales	misc	tm-materials	200	-	-
1823	starly-feather	misc	tm-materials	60	-	-
1824	kricketot-shell	misc	tm-materials	40	-	-
1825	shinx-fang	misc	tm-materials	60	-	-
1826	combee-honey	misc	tm-materials	100	-	-
1827	pachirisu-fur	misc	tm-materials	100	-	-
1828	buizel-fur	misc	tm-materials	80	-	-
1829	shellos-mucus	misc	tm-materials	80	-	-
1830	drifloon-gas	misc	tm-materials	80	-	-
1831	stunky-fur	misc	tm-materials	80	-	-
1832	bronzor-fragment	misc	tm-materials	80	-	-
1833	bonsly-tears	misc	tm-materials	80	-	-
1834	happiny-dust	misc	tm-materials	300	-	-
1835	spiritomb-fragment	misc	tm-materials	240	-	-
1836	gible-scales	misc	tm-materials	200	-	-
1837	riolu-fur	misc	tm-materials	160	-	-
1838	hippopotas-sand	misc	tm-materials	80	-	-
1839	croagunk-poison	misc	tm-materials	80	-	-
1840	finneon-scales	misc	tm-materials	80	-	-
1841	snover-berries	misc	tm-materials	60	-	-
1842	rotom-sparks	misc	tm-materials	200	-	-
1843	petilil-leaf	misc	tm-materials	60	-	-
1844	basculin-fang	misc	tm-materials	80	-	-
1845	sandile-claw	misc	tm-materials	80	-	-
1846	zorua-fur	misc	tm-materials	140	-	-
1847	gothita-eyelash	misc	tm-materials	80	-	-
1848	deerling-hair	misc	tm-materials	60	-	-
1849	foongus-spores	misc	tm-materials	80	-	-
1850	alomomola-mucus	misc	tm-materials	120	-	-
1851	tynamo-slime	misc	tm-materials	80	-	-
1852	axew-scales	misc	tm-materials	200	-	-
1853	cubchoo-fur	misc	tm-materials	80	-	-
1854	cryogonal-ice	misc	tm-materials	100	-	-
1855	pawniard-blade	misc	tm-materials	80	-	-
1856	rufflet-feather	misc	tm-materials	80	-	-
1857	deino-scales	misc	tm-materials	200	-	-
1858	larvesta-fuzz	misc	tm-materials	200	-	-
1859	fletchling-feather	misc	tm-materials	60	-	-
1860	scatterbug-powder	misc	tm-materials	40	-	-
1861	litleo-tuft	misc	tm-materials	80	-	-
1862	flabebe-pollen	misc	tm-materials	80	-	-
1863	skiddo-leaf	misc	tm-materials	80	-	-
1864	skrelp-kelp	misc	tm-materials	100	-	-
1865	clauncher-claw	misc	tm-materials	100	-	-
1866	hawlucha-down	misc	tm-materials	100	-	-
1867	dedenne-fur	misc	tm-materials	100	-	-
1868	goomy-goo	misc	tm-materials	140	-	-
1869	klefki-key	misc	tm-materials	100	-	-
1870	bergmite-ice	misc	tm-materials	80	-	-
1871	noibat-fur	misc	tm-materials	80	-	-
1872	yungoos-fur	misc	tm-materials	60	-	-
1873	crabrawler-shell	misc	tm-materials	100	-	-
1874	oricorio-feather	misc	tm-materials	100	-	-
1875	rockruff-rock	misc	tm-materials	80	-	-
1876	mareanie-spike	misc	tm-materials	80	-	-
1877	mudbray-mud	misc	tm-materials	80	-	-
1878	fomantis-leaf	misc	tm-materials	80	-	-
1879	salandit-gas	misc	tm-materials	80	-	-
1880	bounsweet-sweat	misc	tm-materials	80	-	-
1881	oranguru-fur	misc	tm-materials	120	-	-
1882	passimian-fur	misc	tm-materials	120	-	-
1883	sandygast-sand	misc	tm-materials	80	-	-
1884	komala-claw	misc	tm-materials	100	-	-
1885	mimikyu-scrap	misc	tm-materials	40	-	-
1886	bruxish-tooth	misc	tm-materials	100	-	-
1887	chewtle-claw	misc	tm-materials	80	-	-
1888	skwovet-fur	misc	tm-materials	60	-	-
1889	arrokuda-scales	misc	tm-materials	80	-	-
1890	rookidee-feather	misc	tm-materials	80	-	-
1891	toxel-sparks	misc	tm-materials	80	-	-
1892	falinks-sweat	misc	tm-materials	120	-	-
1893	cufant-tarnish	misc	tm-materials	80	-	-
1894	rolycoly-coal	misc	tm-materials	80	-	-
1895	silicobra-sand	misc	tm-materials	80	-	-
1896	indeedee-fur	misc	tm-materials	120	-	-
1897	pincurchin-spines	misc	tm-materials	100	-	-
1898	snom-thread	misc	tm-materials	80	-	-
1899	impidimp-hair	misc	tm-materials	80	-	-
1900	applin-juice	misc	tm-materials	100	-	-
1901	sinistea-chip	misc	tm-materials	80	-	-
1902	hatenna-dust	misc	tm-materials	80	-	-
1903	stonjourner-stone	misc	tm-materials	120	-	-
1904	eiscue-down	misc	tm-materials	120	-	-
1905	dreepy-powder	misc	tm-materials	200	-	-
1906	lechonk-hair	misc	tm-materials	60	-	-
1907	tarountula-thread	misc	tm-materials	60	-	-
1908	nymble-claw	misc	tm-materials	60	-	-
1909	rellor-mud	misc	tm-materials	80	-	-
1910	greavard-wax	misc	tm-materials	80	-	-
1911	flittle-down	misc	tm-materials	80	-	-
1912	wiglett-sand	misc	tm-materials	80	-	-
1913	dondozo-whisker	misc	tm-materials	160	-	-
1914	veluza-fillet	misc	tm-materials	140	-	-
1915	finizen-mucus	misc	tm-materials	100	-	-
1916	smoliv-oil	misc	tm-materials	80	-	-
1917	capsakid-seed	misc	tm-materials	80	-	-
1918	tadbulb-mucus	misc	tm-materials	80	-	-
1919	varoom-fume	misc	tm-materials	80	-	-
1920	orthworm-tarnish	misc	tm-materials	200	-	-
1921	tandemaus-fur	misc	tm-materials	80	-	-
1922	cetoddle-grease	misc	tm-materials	80	-	-
1923	frigibax-scales	misc	tm-materials	200	-	-
1924	tatsugiri-scales	misc	tm-materials	200	-	-
1925	cyclizar-scales	misc	tm-materials	120	-	-
1926	pawmi-fur	misc	tm-materials	100	-	-
1927	wattrel-feather	misc	tm-materials	120	-	-
1928	bombirdier-feather	misc	tm-materials	200	-	-
1929	squawkabilly-feather	misc	tm-materials	80	-	-
1930	flamigo-down	misc	tm-materials	80	-	-
1931	klawf-claw	misc	tm-materials	200	-	-
1932	nacli-salt	misc	tm-materials	80	-	-
1933	glimmet-crystal	misc	tm-materials	120	-	-
1934	shroodle-ink	misc	tm-materials	80	-	-
1935	fidough-fur	misc	tm-materials	80	-	-
1936	maschiff-fang	misc	tm-materials	80	-	-
1937	bramblin-twig	misc	tm-materials	80	-	-
1938	gimmighoul-coin	misc	tm-materials	800	-	-
1939	tinkatink-hair	misc	tm-materials	80	-	-
1940	charcadet-soot	misc	tm-materials	160	-	-
1941	toedscool-flaps	misc	tm-materials	100	-	-
1942	wooper-slime	misc	tm-materials	60	-	-
1944	tm101	machines	all-machines	0	-	-
1945	tm102	machines	all-machines	0	-	-
1946	tm103	machines	all-machines	0	-	-
1947	tm104	machines	all-machines	0	-	-
1948	tm105	machines	all-machines	0	-	-
1949	tm106	machines	all-machines	0	-	-
1950	tm107	machines	all-machines	0	-	-
1951	tm108	machines	all-machines	0	-	-
1952	tm109	machines	all-machines	0	-	-
1953	tm110	machines	all-machines	0	-	-
1954	tm111	machines	all-machines	0	-	-
1955	tm112	machines	all-machines	0	-	-
1956	tm113	machines	all-machines	0	-	-
1957	tm114	machines	all-machines	0	-	-
1958	tm115	machines	all-machines	0	-	-
1959	tm116	machines	all-machines	0	-	-
1960	tm117	machines	all-machines	0	-	-
1961	tm118	machines	all-machines	0	-	-
1962	tm119	machines	all-machines	0	-	-
1963	tm120	machines	all-machines	0	-	-
1964	tm121	machines	all-machines	0	-	-
1965	tm122	machines	all-machines	0	-	-
1966	tm123	machines	all-machines	0	-	-
1967	tm124	machines	all-machines	0	-	-
1968	tm125	machines	all-machines	0	-	-
1969	tm126	machines	all-machines	0	-	-
1970	tm127	machines	all-machines	0	-	-
1971	tm128	machines	all-machines	0	-	-
1972	tm129	machines	all-machines	0	-	-
1973	tm130	machines	all-machines	0	-	-
1974	tm131	machines	all-machines	0	-	-
1975	tm132	machines	all-machines	0	-	-
1976	tm133	machines	all-machines	0	-	-
1977	tm134	machines	all-machines	0	-	-
1978	tm135	machines	all-machines	0	-	-
1979	tm136	machines	all-machines	0	-	-
1980	tm137	machines	all-machines	0	-	-
1981	tm138	machines	all-machines	0	-	-
1982	tm139	machines	all-machines	0	-	-
1983	tm140	machines	all-machines	0	-	-
1984	tm141	machines	all-machines	0	-	-
1985	tm142	machines	all-machines	0	-	-
1986	tm143	machines	all-machines	0	-	-
1987	tm144	machines	all-machines	0	-	-
1988	tm145	machines	all-machines	0	-	-
1989	tm146	machines	all-machines	0	-	-
1990	tm147	machines	all-machines	0	-	-
1991	tm148	machines	all-machines	0	-	-
1992	tm149	machines	all-machines	0	-	-
1993	tm150	machines	all-machines	0	-	-
1994	tm151	machines	all-machines	0	-	-
1995	tm152	machines	all-machines	0	-	-
1996	tm153	machines	all-machines	0	-	-
1997	tm154	machines	all-machines	0	-	-
1998	tm155	machines	all-machines	0	-	-
1999	tm156	machines	all-machines	0	-	-
2000	tm157	machines	all-machines	0	-	-
2001	tm158	machines	all-machines	0	-	-
2002	tm159	machines	all-machines	0	-	-
2003	tm160	machines	all-machines	0	-	-
2004	tm161	machines	all-machines	0	-	-
2005	tm162	machines	all-machines	0	-	-
2006	tm163	machines	all-machines	0	-	-
2007	tm164	machines	all-machines	0	-	-
2008	tm165	machines	all-machines	0	-	-
2009	tm166	machines	all-machines	0	-	-
2010	tm167	machines	all-machines	0	-	-
2011	tm168	machines	all-machines	0	-	-
2012	tm169	machines	all-machines	0	-	-
2013	tm170	machines	all-machines	0	-	-
2014	tm171	machines	all-machines	0	-	-
2015	picnic-set	misc	picnic	0	-	-
2016	academy-bottle	misc	picnic	0	-	-
2018	polka-dot-bottle	misc	picnic	1000	-	-
2019	striped-bottle	misc	picnic	1000	-	-
2020	diamond-bottle	misc	picnic	1000	-	-
2021	academy-cup	misc	picnic	0	-	-
2023	striped-cup	misc	picnic	800	-	-
2024	polka-dot-cup	misc	picnic	800	-	-
2025	flower-pattern-cup	misc	picnic	800	-	-
2026	academy-tablecloth	misc	picnic	0	-	-
2028	whimsical-tablecloth	misc	picnic	2000	-	-
2029	leafy-tablecloth	misc	picnic	2000	-	-
2030	spooky-tablecloth	misc	picnic	4000	-	-
2031	academy-ball	misc	picnic	0	-	-
2033	marill-ball	misc	picnic	2000	-	-
2034	yarn-ball	misc	picnic	1000	-	-
2035	cyber-ball	misc	picnic	2000	-	-
2036	gold-pick	misc	picnic	400	-	-
2037	silver-pick	misc	picnic	40	-	-
2038	red-flag-pick	misc	picnic	120	-	-
2039	blue-flag-pick	misc	picnic	120	-	-
2040	pika-pika-pick	misc	picnic	480	-	-
2041	winking-pika-pick	misc	picnic	1200	-	-
2042	vee-vee-pick	misc	picnic	480	-	-
2043	smiling-vee-pick	misc	picnic	1200	-	-
2044	blue-poke-ball-pick	misc	picnic	200	-	-
2045	auspicious-armor	misc	picnic	3000	-	-
2046	leaders-crest	misc	picnic	3000	-	-
2047	pink-bottle	misc	picnic	2000	-	-
2048	blue-bottle	misc	picnic	2000	-	-
2049	yellow-bottle	misc	picnic	2000	-	-
2050	steel-bottle-r	misc	picnic	1500	-	-
2051	steel-bottle-y	misc	picnic	1500	-	-
2052	steel-bottle-b	misc	picnic	1500	-	-
2053	silver-bottle	misc	picnic	20000	-	-
2054	barred-cup	misc	picnic	800	-	-
2055	diamond-pattern-cup	misc	picnic	800	-	-
2056	fire-pattern-cup	misc	picnic	800	-	-
2057	pink-cup	misc	picnic	1500	-	-
2058	blue-cup	misc	picnic	1500	-	-
2059	yellow-cup	misc	picnic	1500	-	-
2060	pikachu-cup	misc	picnic	2000	-	-
2061	eevee-cup	misc	picnic	2000	-	-
2062	slowpoke-cup	misc	picnic	2000	-	-
2063	silver-cup	misc	picnic	20000	-	-
2064	exercise-ball	misc	picnic	2000	-	-
2065	plaid-tablecloth-y	misc	picnic	3000	-	-
2066	plaid-tablecloth-b	misc	picnic	3000	-	-
2067	plaid-tablecloth-r	misc	picnic	3000	-	-
2068	bw-grass-tablecloth	misc	picnic	0	-	-
2069	battle-tablecloth	misc	picnic	4000	-	-
2070	monstrous-tablecloth	misc	picnic	2000	-	-
2071	striped-tablecloth	misc	picnic	1500	-	-
2072	diamond-tablecloth	misc	picnic	1500	-	-
2073	polka-dot-tablecloth	misc	picnic	1500	-	-
2074	lilac-tablecloth	misc	picnic	1000	-	-
2075	mint-tablecloth	misc	picnic	1000	-	-
2076	peach-tablecloth	misc	picnic	1000	-	-
2077	yellow-tablecloth	misc	picnic	5000	-	-
2078	blue-tablecloth	misc	picnic	5000	-	-
2079	pink-tablecloth	misc	picnic	5000	-	-
2080	gold-bottle	misc	picnic	30000	-	-
2081	bronze-bottle	misc	picnic	10000	-	-
2082	gold-cup	misc	picnic	15000	-	-
2083	bronze-cup	misc	picnic	5000	-	-
2084	green-poke-ball-pick	misc	picnic	200	-	-
2085	red-poke-ball-pick	misc	picnic	200	-	-
2086	party-sparkler-pick	misc	picnic	1600	-	-
2087	heroic-sword-pick	misc	picnic	2000	-	-
2088	magical-star-pick	misc	picnic	600	-	-
2089	magical-heart-pick	misc	picnic	600	-	-
2090	parasol-pick	misc	picnic	800	-	-
2091	blue-sky-flower-pick	misc	picnic	1000	-	-
2092	sunset-flower-pick	misc	picnic	1000	-	-
2093	sunrise-flower-pick	misc	picnic	1000	-	-
2094	blue-dish	misc	picnic	0	-	-
2095	green-dish	misc	picnic	0	-	-
2096	orange-dish	misc	picnic	0	-	-
2097	red-dish	misc	picnic	0	-	-
2098	white-dish	misc	picnic	0	-	-
2099	yellow-dish	misc	picnic	0	-	-
2100	roto-stick	key	gameplay	0	-	-
2101	teal-style-card	key	gameplay	0	-	-
2102	teal-mask	key	event-items	0	-	-
2103	glimmering-charm	key	gameplay	0	-	-
2104	crystal-cluster	key	event-items	0	-	-
2105	fairy-feather	misc	held-items	750	-	-
2106	wellspring-mask	misc	held-items	0	-	-
2107	hearthflame-mask	misc	held-items	0	-	-
2108	cornerstone-mask	misc	held-items	0	-	-
2109	syrupy-apple	misc	evolution	500	-	-
2110	unremarkable-teacup	misc	evolution	400	-	-
2111	masterpiece-teacup	misc	evolution	9500	-	-
2112	health-mochi	medicine	vitamins	125	-	-
2113	muscle-mochi	medicine	vitamins	125	-	-
2114	resist-mochi	medicine	vitamins	125	-	-
2115	genius-mochi	medicine	vitamins	125	-	-
2116	clever-mochi	medicine	vitamins	125	-	-
2117	swift-mochi	medicine	vitamins	125	-	-
2118	fresh-start-mochi	medicine	vitamins	75	-	-
2119	ekans-fang	misc	tm-materials	15	-	-
2120	sandshrew-claw	misc	tm-materials	10	-	-
2121	cleffa-fur	misc	tm-materials	25	-	-
2122	vulpix-fur	misc	tm-materials	35	-	-
2123	poliwag-slime	misc	tm-materials	35	-	-
2124	bellsprout-vine	misc	tm-materials	25	-	-
2125	geodude-fragment	misc	tm-materials	30	-	-
2126	koffing-gas	misc	tm-materials	25	-	-
2127	munchlax-fang	misc	tm-materials	40	-	-
2128	sentret-fur	misc	tm-materials	10	-	-
2129	hoothoot-feather	misc	tm-materials	15	-	-
2130	spinarak-thread	misc	tm-materials	10	-	-
2131	aipom-hair	misc	tm-materials	30	-	-
2132	yanma-spike	misc	tm-materials	35	-	-
2133	gligar-fang	misc	tm-materials	40	-	-
2134	slugma-lava	misc	tm-materials	20	-	-
2135	swinub-hair	misc	tm-materials	35	-	-
2136	poochyena-fang	misc	tm-materials	15	-	-
2137	lotad-leaf	misc	tm-materials	20	-	-
2138	seedot-stem	misc	tm-materials	20	-	-
2139	nosepass-fragment	misc	tm-materials	40	-	-
2140	volbeat-fluid	misc	tm-materials	10	-	-
2141	illumise-fluid	misc	tm-materials	10	-	-
2142	corphish-shell	misc	tm-materials	10	-	-
2143	feebas-scales	misc	tm-materials	35	-	-
2144	duskull-fragment	misc	tm-materials	40	-	-
2145	chingling-fragment	misc	tm-materials	20	-	-
2146	timburr-sweat	misc	tm-materials	30	-	-
2147	sewaddle-leaf	misc	tm-materials	20	-	-
2148	ducklett-feather	misc	tm-materials	15	-	-
2149	litwick-soot	misc	tm-materials	30	-	-
2150	mienfoo-claw	misc	tm-materials	40	-	-
2151	vullaby-feather	misc	tm-materials	35	-	-
2152	carbink-jewel	misc	tm-materials	50	-	-
2153	phantump-twig	misc	tm-materials	20	-	-
2154	grubbin-thread	misc	tm-materials	25	-	-
2155	cutiefly-powder	misc	tm-materials	25	-	-
2156	jangmo-o-scales	misc	tm-materials	50	-	-
2157	cramorant-down	misc	tm-materials	30	-	-
2158	morpeko-snack	misc	tm-materials	15	-	-
2159	poltchageist-powder	misc	tm-materials	30	-	-
2160	linking-cord	misc	evolution	8000	-	Allows a Pokemon whose evolution is usually triggered by trading to evolve
2161	tm172	machines	all-machines	0	-	-
2162	tm173	machines	all-machines	0	-	-
2163	tm174	machines	all-machines	0	-	-
2164	tm175	machines	all-machines	0	-	-
2165	tm176	machines	all-machines	0	-	-
2166	tm177	machines	all-machines	0	-	-
2167	tm178	machines	all-machines	0	-	-
2168	tm179	machines	all-machines	0	-	-
2169	tm180	machines	all-machines	0	-	-
2170	tm181	machines	all-machines	0	-	-
2171	tm182	machines	all-machines	0	-	-
2172	tm183	machines	all-machines	0	-	-
2173	tm184	machines	all-machines	0	-	-
2174	tm185	machines	all-machines	0	-	-
2175	tm186	machines	all-machines	0	-	-
2176	tm187	machines	all-machines	0	-	-
2177	tm188	machines	all-machines	0	-	-
2178	tm189	machines	all-machines	0	-	-
2179	tm190	machines	all-machines	0	-	-
2180	tm191	machines	all-machines	0	-	-
2181	tm192	machines	all-machines	0	-	-
2182	tm193	machines	all-machines	0	-	-
2183	tm194	machines	all-machines	0	-	-
2184	tm195	machines	all-machines	0	-	-
2185	tm196	machines	all-machines	0	-	-
2186	tm197	machines	all-machines	0	-	-
2187	tm198	machines	all-machines	0	-	-
2188	tm199	machines	all-machines	0	-	-
2189	tm200	machines	all-machines	0	-	-
2190	tm201	machines	all-machines	0	-	-
2191	tm202	machines	all-machines	0	-	-
2192	tm203	machines	all-machines	0	-	-
2193	tm204	machines	all-machines	0	-	-
2194	tm205	machines	all-machines	0	-	-
2195	tm206	machines	all-machines	0	-	-
2196	tm207	machines	all-machines	0	-	-
2197	tm208	machines	all-machines	0	-	-
2198	tm209	machines	all-machines	0	-	-
2199	tm210	machines	all-machines	0	-	-
2200	tm211	machines	all-machines	0	-	-
2201	tm212	machines	all-machines	0	-	-
2202	tm213	machines	all-machines	0	-	-
2203	tm214	machines	all-machines	0	-	-
2204	tm215	machines	all-machines	0	-	-
2205	tm216	machines	all-machines	0	-	-
2206	tm217	machines	all-machines	0	-	-
2207	tm218	machines	all-machines	0	-	-
2208	tm219	machines	all-machines	0	-	-
2209	tm220	machines	all-machines	0	-	-
2210	tm221	machines	all-machines	0	-	-
2211	tm222	machines	all-machines	0	-	-
2212	tm223	machines	all-machines	0	-	-
2213	tm224	machines	all-machines	0	-	-
2214	tm225	machines	all-machines	0	-	-
2215	tm226	machines	all-machines	0	-	-
2216	tm227	machines	all-machines	0	-	-
2217	tm228	machines	all-machines	0	-	-
2218	tm229	machines	all-machines	0	-	-
2219	lastrange-ball	pokeballs	standard-balls	0	-	-
2220	lapoke-ball	pokeballs	standard-balls	0	-	-
2221	lagreat-ball	pokeballs	standard-balls	0	-	-
2222	laultra-ball	pokeballs	standard-balls	0	-	-
2223	laheavy-ball	pokeballs	standard-balls	0	-	-
2224	laleaden-ball	pokeballs	standard-balls	0	-	-
2225	lagigaton-ball	pokeballs	standard-balls	0	-	-
2226	lafeather-ball	pokeballs	standard-balls	0	-	-
2227	lawing-ball	pokeballs	standard-balls	0	-	-
2228	lajet-ball	pokeballs	standard-balls	0	-	-
2229	laorigin-ball	pokeballs	standard-balls	0	-	-
2230	black-augurite	misc	evolution	0	-	-
2231	peat-block	misc	evolution	0	-	-
2232	metal-alloy	misc	evolution	0	-	-
2233	clefablite	misc	mega-stones	0	80	-
2234	victreebelite	misc	mega-stones	0	80	-
2235	starminite	misc	mega-stones	0	80	-
2236	dragoninite	misc	mega-stones	0	80	-
2237	meganiumite	misc	mega-stones	0	80	-
2238	feraligite	misc	mega-stones	0	80	-
2239	skarmorite	misc	mega-stones	0	80	-
2240	froslassite	misc	mega-stones	0	80	-
2241	heatranite	misc	mega-stones	0	80	-
2242	darkranite	misc	mega-stones	0	80	-
2243	emboarite	misc	mega-stones	0	80	-
2244	excadrite	misc	mega-stones	0	80	-
2245	scolipite	misc	mega-stones	0	80	-
2246	scraftinite	misc	mega-stones	0	80	-
2247	eelektrossite	misc	mega-stones	0	80	-
2248	chandelurite	misc	mega-stones	0	80	-
2249	chesnaughtite	misc	mega-stones	0	80	-
2250	delphoxite	misc	mega-stones	0	80	-
2251	greninjite	misc	mega-stones	0	80	-
2252	pyroarite	misc	mega-stones	0	80	-
2253	floettite	misc	mega-stones	0	80	-
2254	malamarite	misc	mega-stones	0	80	-
2255	barbaracite	misc	mega-stones	0	80	-
2256	dragalgite	misc	mega-stones	0	80	-
2257	hawluchanite	misc	mega-stones	0	80	-
2258	zygardite	misc	mega-stones	0	80	-
2259	drampanite	misc	mega-stones	0	80	-
2260	zeraorite	misc	mega-stones	0	80	-
2261	falinksite	misc	mega-stones	0	80	-
2262	raichunite-x	misc	mega-stones	0	80	-
2263	raichunite-y	misc	mega-stones	0	80	-
2264	chimechite	misc	mega-stones	0	80	-
2265	absolite-z	misc	mega-stones	0	80	-
2266	staraptite	misc	mega-stones	0	80	-
2267	garchompite-z	misc	mega-stones	0	80	-
2268	lucarionite-z	misc	mega-stones	0	80	-
2269	golurkite	misc	mega-stones	0	80	-
2270	meowsticite	misc	mega-stones	0	80	-
2271	crabominite	misc	mega-stones	0	80	-
2272	golisopite	misc	mega-stones	0	80	-
2273	magearnite	misc	mega-stones	0	80	-
2274	scovillainite	misc	mega-stones	0	80	-
2275	baxcalibrite	misc	mega-stones	0	80	-
2276	tatsugirinite	misc	mega-stones	0	80	-
2277	glimmoranite	misc	mega-stones	0	80	-
2278	hopo-berry	medicine	pp-recovery	300	-	-
2279	roseli-berry	berries	type-protection	200	10	-
